method,delta,match.poss,match.id,control,timeout,effect
propensity,6,away,1,0.5,-0.1667,-0.6667
propensity,6,away,2,-0.5,-0.1667,0.33330000000000004
propensity,6,away,3,-0,0.6667,0.6667
propensity,6,away,4,-0.3333,0.1667,0.5
propensity,6,away,5,0.8333,0.8333,0
propensity,6,away,6,0.6667,1.6667,1
propensity,6,away,7,-0.5,0.6667,1.1667
propensity,6,away,8,-0.6667,-0.1667,0.5
propensity,6,away,9,-0.1667,0.5,0.6667
propensity,6,away,10,-0,-0.3333,-0.3333
propensity,6,away,11,1.5,1.1667,-0.33329999999999993
propensity,6,away,12,0.8333,1.1667,0.33340000000000003
propensity,6,away,13,-0,-0.5,-0.5
propensity,6,away,14,0.5,1.1667,0.6667000000000001
propensity,6,away,15,-0.1667,-0.5,-0.33330000000000004
propensity,6,away,16,0.3333,-0.3333,-0.6666
propensity,6,away,17,-1,0.5,1.5
propensity,6,away,18,-0,-0.5,-0.5
propensity,6,away,19,-0.1667,0.1667,0.3334
propensity,6,away,20,0.5,-0,-0.5
propensity,6,away,21,-0,0.3333,0.3333
propensity,6,away,22,-0.1667,0.3333,0.5
propensity,6,away,23,0.1667,0.3333,0.1666
propensity,6,away,24,0.8333,0.3333,-0.5
propensity,6,away,25,-0.5,0.1667,0.6667
propensity,6,away,26,0.5,0.8333,0.33330000000000004
propensity,6,away,27,0.8333,0.6667,-0.16660000000000008
propensity,6,away,28,-0.3333,0.5,0.8332999999999999
propensity,6,away,29,-0.1667,0.3333,0.5
propensity,6,away,30,0.1667,0.1667,0
propensity,6,away,31,-0,0.3333,0.3333
propensity,6,away,32,1,-0.3333,-1.3333
propensity,6,away,33,0.5,0.5,0
propensity,6,away,34,-0.6667,-0.6667,0
propensity,6,away,35,0.5,1.3333,0.8332999999999999
propensity,6,away,36,1.1667,0.8333,-0.33340000000000003
propensity,6,away,37,-1,0.6667,1.6667
propensity,6,away,38,0.8333,1,0.16669999999999996
propensity,6,away,39,-0.3333,0.1667,0.5
propensity,6,away,40,0.1667,0.1667,0
propensity,6,away,41,-0.3333,-0.1667,0.1666
propensity,6,away,42,1.1667,-0.5,-1.6667
propensity,6,away,43,-0.8333,-0.8333,0
propensity,6,away,44,0.3333,-1.1667,-1.5
propensity,6,away,45,1,0.1667,-0.8333
propensity,6,away,46,-0,1.3333,1.3333
propensity,6,away,47,0.3333,-0,-0.3333
propensity,6,away,48,1.1667,0.6667,-0.5000000000000001
propensity,6,away,49,1,-0,-1
propensity,6,away,50,-0.1667,0.1667,0.3334
propensity,6,away,51,0.1667,0.8333,0.6666000000000001
propensity,6,away,52,-0,0.6667,0.6667
propensity,6,away,53,0.1667,0.3333,0.1666
propensity,6,away,54,0.5,0.1667,-0.33330000000000004
propensity,6,away,55,-0.6667,0.5,1.1667
propensity,6,away,56,-0.5,0.5,1
propensity,6,away,57,-0.6667,-0.1667,0.5
propensity,6,away,58,0.5,0.1667,-0.33330000000000004
propensity,6,away,59,1.1667,-0.5,-1.6667
propensity,6,away,60,0.1667,0.3333,0.1666
propensity,6,away,61,-0,0.3333,0.3333
propensity,6,away,62,0.5,0.8333,0.33330000000000004
propensity,6,away,63,1,0.5,-0.5
propensity,6,away,64,1.1667,1.3333,0.16659999999999986
propensity,6,away,65,-0.1667,0.3333,0.5
propensity,6,away,66,0.3333,-0,-0.3333
propensity,6,away,67,-0.5,-0,0.5
propensity,6,away,68,-0.3333,-0.3333,0
propensity,6,away,69,0.6667,-0.6667,-1.3334
propensity,6,away,70,0.5,0.8333,0.33330000000000004
propensity,6,away,71,-0,0.8333,0.8333
propensity,6,away,72,1.3333,0.1667,-1.1665999999999999
propensity,6,away,73,-0.5,-0,0.5
propensity,6,away,74,-0.3333,-0.1667,0.1666
propensity,6,away,75,-0,-0,0
propensity,6,away,76,-0,0.8333,0.8333
propensity,6,away,77,1.1667,-0,-1.1667
propensity,6,away,78,1.5,-0,-1.5
propensity,6,away,79,0.6667,0.1667,-0.5
propensity,6,away,80,0.5,-0.6667,-1.1667
propensity,6,away,81,0.1667,0.8333,0.6666000000000001
propensity,6,away,82,-0,-0.3333,-0.3333
propensity,6,away,83,0.8333,-0.1667,-1
propensity,6,away,84,1,1,0
propensity,6,away,85,1.6667,1.1667,-0.5
propensity,6,away,86,-0.5,-0,0.5
propensity,6,away,87,0.3333,-0.6667,-1
propensity,6,away,88,-0.5,-0.6667,-0.16669999999999996
propensity,6,away,89,-0,0.1667,0.1667
propensity,6,away,90,-0.1667,-0,0.1667
propensity,6,away,91,0.3333,1.1667,0.8334000000000001
propensity,6,away,92,-0,0.5,0.5
propensity,6,away,93,-0.3333,-0.8333,-0.5
propensity,6,away,94,0.1667,-0.1667,-0.3334
propensity,6,away,95,-0,1,1
propensity,6,away,96,-0.5,-0.8333,-0.33330000000000004
propensity,6,away,97,-0.5,-0.5,0
propensity,6,away,98,0.6667,0.8333,0.16660000000000008
propensity,6,away,99,1,0.3333,-0.6667000000000001
propensity,6,away,100,1,0.1667,-0.8333
propensity,6,away,101,0.3333,0.5,0.16670000000000001
propensity,6,away,102,0.3333,-0,-0.3333
propensity,6,away,103,1.1667,0.8333,-0.33340000000000003
propensity,6,away,104,-0,1,1
propensity,6,away,105,0.1667,0.5,0.33330000000000004
propensity,6,away,106,-0,1,1
propensity,6,away,107,0.6667,0.5,-0.16669999999999996
propensity,6,away,108,0.6667,0.1667,-0.5
propensity,6,away,109,-0.1667,0.5,0.6667
propensity,6,away,110,0.5,0.5,0
propensity,6,away,111,0.8333,1.1667,0.33340000000000003
propensity,6,away,112,0.5,-0.8333,-1.3333
propensity,6,away,113,1.3333,0.5,-0.8332999999999999
propensity,6,away,114,-0.1667,0.3333,0.5
propensity,6,away,115,-0.6667,0.3333,1
propensity,6,away,116,0.1667,0.8333,0.6666000000000001
propensity,6,away,117,0.3333,1.1667,0.8334000000000001
propensity,6,away,118,0.5,-0,-0.5
propensity,6,away,119,-0.5,0.3333,0.8332999999999999
propensity,6,away,120,-0.1667,0.5,0.6667
propensity,6,away,121,1.5,0.1667,-1.3333
propensity,6,away,122,-0.5,0.1667,0.6667
propensity,6,away,123,0.5,0.6667,0.16669999999999996
propensity,6,away,124,0.5,-0.1667,-0.6667
propensity,6,away,125,0.3333,-0,-0.3333
propensity,6,away,126,-0.6667,-0.5,0.16669999999999996
propensity,6,away,127,0.3333,0.5,0.16670000000000001
propensity,6,away,128,0.3333,0.3333,0
propensity,6,away,129,-0.6667,0.5,1.1667
propensity,6,away,130,1.5,0.8333,-0.6667
propensity,6,away,131,0.1667,0.1667,0
propensity,6,away,132,0.6667,-0,-0.6667
propensity,6,away,133,-0.1667,0.5,0.6667
propensity,6,away,134,-0.3333,-0.6667,-0.3334
propensity,6,away,135,-0.3333,-0.6667,-0.3334
propensity,6,away,136,-0.3333,1,1.3333
propensity,6,away,137,0.1667,0.5,0.33330000000000004
propensity,6,away,138,-0.5,-0.1667,0.33330000000000004
propensity,6,away,139,0.1667,0.1667,0
propensity,6,away,140,0.8333,0.1667,-0.6666000000000001
propensity,6,away,141,0.6667,1.3333,0.6666
propensity,6,away,142,-0.1667,-0,0.1667
propensity,6,away,143,0.5,-0,-0.5
propensity,6,away,144,0.6667,0.3333,-0.3334
propensity,6,away,145,0.8333,0.3333,-0.5
propensity,6,away,146,-0.3333,-0,0.3333
propensity,6,away,147,1,-0,-1
propensity,6,away,148,0.6667,0.6667,0
propensity,6,away,149,-1.3333,-0.1667,1.1665999999999999
propensity,6,away,150,0.3333,-0.8333,-1.1666
propensity,6,away,151,-0,0.6667,0.6667
propensity,6,away,152,-0.6667,-0.6667,0
propensity,6,away,153,0.6667,-0.3333,-1
propensity,6,away,154,-0.1667,-0.6667,-0.5
propensity,6,away,155,1.6667,0.8333,-0.8334
propensity,6,away,156,-0.3333,-0.8333,-0.5
propensity,6,away,157,-0.1667,1,1.1667
propensity,6,away,158,-0.6667,0.1667,0.8333999999999999
propensity,6,away,159,-0,-0.3333,-0.3333
propensity,6,away,160,-0.1667,-0.5,-0.33330000000000004
propensity,6,away,161,-0,0.5,0.5
propensity,6,away,162,0.3333,-0.5,-0.8332999999999999
propensity,6,away,163,0.5,0.5,0
propensity,6,away,164,0.1667,-0,-0.1667
propensity,6,away,165,1,-0.5,-1.5
propensity,6,away,166,0.1667,-0.6667,-0.8333999999999999
propensity,6,away,167,0.8333,0.6667,-0.16660000000000008
propensity,6,away,168,0.8333,0.1667,-0.6666000000000001
propensity,6,away,169,-0.1667,-0.6667,-0.5
propensity,6,away,170,0.3333,1.6667,1.3334000000000001
propensity,6,away,171,0.8333,0.8333,0
propensity,6,away,172,-0,-0.3333,-0.3333
propensity,6,away,173,-0.1667,-0.5,-0.33330000000000004
propensity,6,away,174,0.6667,0.8333,0.16660000000000008
propensity,6,away,175,-0,-1,-1
propensity,6,away,176,0.3333,-0,-0.3333
propensity,6,away,177,-0.3333,0.6667,1
propensity,6,away,178,0.3333,0.5,0.16670000000000001
propensity,6,away,179,0.1667,-0.3333,-0.5
propensity,6,away,180,0.1667,1,0.8333
propensity,6,away,181,-0,0.6667,0.6667
propensity,6,away,182,-0.8333,-0.3333,0.5
propensity,6,away,183,0.3333,0.1667,-0.1666
propensity,6,away,184,-0.6667,-0.3333,0.3334
propensity,6,away,185,0.1667,0.5,0.33330000000000004
propensity,6,away,186,0.8333,-0,-0.8333
propensity,6,away,187,0.1667,0.3333,0.1666
propensity,6,away,188,-0,-0.8333,-0.8333
propensity,6,away,189,-0.1667,0.3333,0.5
propensity,6,away,190,0.5,-0.1667,-0.6667
propensity,6,away,191,0.5,0.6667,0.16669999999999996
propensity,6,away,192,1,1.1667,0.16670000000000007
propensity,6,away,193,1.6667,1.1667,-0.5
propensity,6,away,194,0.1667,0.8333,0.6666000000000001
propensity,6,away,195,0.6667,0.6667,0
propensity,6,away,196,0.6667,0.8333,0.16660000000000008
propensity,6,away,197,0.6667,0.5,-0.16669999999999996
propensity,6,away,198,0.5,0.1667,-0.33330000000000004
propensity,6,away,199,1.1667,0.3333,-0.8334000000000001
propensity,6,away,200,-0,1,1
propensity,6,away,201,-0,0.5,0.5
propensity,6,away,202,0.1667,0.1667,0
propensity,6,away,203,-0.1667,0.8333,1
propensity,6,away,204,0.1667,0.8333,0.6666000000000001
propensity,6,away,205,0.6667,0.6667,0
propensity,6,away,206,0.5,0.6667,0.16669999999999996
propensity,6,away,207,0.8333,0.6667,-0.16660000000000008
propensity,6,away,208,-0.5,-0.6667,-0.16669999999999996
propensity,6,away,209,0.1667,0.5,0.33330000000000004
propensity,6,away,210,0.3333,-0.1667,-0.5
propensity,6,away,211,0.5,-0.3333,-0.8332999999999999
propensity,6,away,212,0.1667,0.6667,0.5
propensity,6,away,213,0.8333,0.5,-0.33330000000000004
propensity,6,away,214,0.3333,-0.1667,-0.5
propensity,6,away,215,0.6667,1,0.33330000000000004
propensity,6,away,216,-0.5,0.1667,0.6667
propensity,6,away,217,-0.8333,-0.5,0.33330000000000004
propensity,6,away,218,0.8333,0.1667,-0.6666000000000001
propensity,6,away,219,-0.1667,-0.1667,0
propensity,6,away,220,0.1667,-0,-0.1667
propensity,6,away,221,0.1667,-0,-0.1667
propensity,6,away,222,-0.3333,-0,0.3333
propensity,6,away,223,0.5,0.5,0
propensity,6,away,224,-0.1667,-0.5,-0.33330000000000004
propensity,6,away,225,0.8333,0.5,-0.33330000000000004
propensity,6,away,226,0.3333,-0,-0.3333
propensity,6,away,227,-0.5,0.1667,0.6667
propensity,6,away,228,0.3333,-0,-0.3333
propensity,6,away,229,-0,-0.3333,-0.3333
propensity,6,away,230,0.1667,0.6667,0.5
propensity,6,away,231,0.6667,-0.3333,-1
propensity,6,away,232,0.6667,0.5,-0.16669999999999996
propensity,6,away,233,0.3333,0.1667,-0.1666
propensity,6,away,234,1.3333,1.1667,-0.16659999999999986
propensity,6,away,235,1.5,-0,-1.5
propensity,6,away,236,0.8333,0.1667,-0.6666000000000001
propensity,6,away,237,1.3333,1,-0.33329999999999993
propensity,6,away,238,0.6667,0.8333,0.16660000000000008
propensity,6,away,239,0.6667,0.6667,0
propensity,6,away,240,0.1667,0.6667,0.5
propensity,6,away,241,1,-0.3333,-1.3333
propensity,6,away,242,0.1667,-0.1667,-0.3334
propensity,6,away,243,-0.5,-0.5,0
propensity,6,away,244,-0.1667,-0.8333,-0.6666000000000001
propensity,6,away,245,0.5,1,0.5
propensity,6,away,246,-0.8333,-0.8333,0
propensity,6,away,247,0.1667,-0.1667,-0.3334
propensity,6,away,248,-0.1667,0.3333,0.5
propensity,6,away,249,1,0.5,-0.5
propensity,6,away,250,-1.8333,-1,0.8332999999999999
propensity,6,away,251,0.6667,-0.1667,-0.8333999999999999
propensity,6,away,252,0.5,0.5,0
propensity,6,away,253,-0,0.5,0.5
propensity,6,away,254,-0,-0.3333,-0.3333
propensity,6,away,255,0.1667,0.6667,0.5
propensity,6,away,256,1,0.5,-0.5
propensity,6,away,257,0.8333,0.5,-0.33330000000000004
propensity,6,away,258,0.5,1,0.5
propensity,6,away,259,0.5,0.8333,0.33330000000000004
propensity,6,away,260,-0.1667,0.3333,0.5
propensity,6,away,261,0.5,-0.6667,-1.1667
propensity,6,away,262,-0.5,-0.5,0
propensity,6,away,263,0.8333,-0,-0.8333
propensity,6,away,264,-0,-0.1667,-0.1667
propensity,6,away,265,0.5,1.1667,0.6667000000000001
propensity,6,away,266,-0,-0.1667,-0.1667
propensity,6,away,267,-0.1667,-0,0.1667
propensity,6,away,268,-0,0.3333,0.3333
propensity,6,away,269,1,0.6667,-0.33330000000000004
propensity,6,away,270,0.5,1,0.5
propensity,6,away,271,-0,0.1667,0.1667
propensity,6,away,272,1,0.5,-0.5
propensity,6,away,273,0.1667,-0,-0.1667
propensity,6,away,274,0.8333,0.5,-0.33330000000000004
propensity,6,away,275,0.5,-0.1667,-0.6667
propensity,6,away,276,-0,0.6667,0.6667
propensity,6,away,277,0.5,0.3333,-0.16670000000000001
propensity,6,away,278,1.5,-0,-1.5
propensity,6,away,279,-0.1667,0.1667,0.3334
propensity,6,away,280,-0.3333,-0.5,-0.16670000000000001
propensity,6,away,281,-0,-0.5,-0.5
propensity,6,away,282,1,0.1667,-0.8333
propensity,6,away,283,0.1667,-0.3333,-0.5
propensity,6,away,284,0.5,-0.1667,-0.6667
propensity,6,away,285,-0.3333,0.3333,0.6666
propensity,6,away,286,0.5,-0.1667,-0.6667
propensity,6,away,287,0.6667,0.1667,-0.5
propensity,6,away,288,0.8333,1,0.16669999999999996
propensity,6,away,289,-0.5,0.1667,0.6667
propensity,6,away,290,-0.5,0.1667,0.6667
propensity,6,away,291,-1,-0.3333,0.6667000000000001
propensity,6,away,292,-0.5,0.6667,1.1667
propensity,6,away,293,1.1667,0.5,-0.6667000000000001
propensity,6,away,294,-0.5,0.3333,0.8332999999999999
propensity,6,away,295,-0.5,0.5,1
propensity,6,away,296,0.6667,0.1667,-0.5
propensity,6,away,297,0.6667,0.1667,-0.5
propensity,6,away,298,0.1667,0.6667,0.5
propensity,6,away,299,0.3333,0.8333,0.5
propensity,6,away,300,0.1667,-0,-0.1667
propensity,6,away,301,-0.3333,-0.5,-0.16670000000000001
propensity,6,away,302,0.3333,1,0.6667000000000001
propensity,6,away,303,0.8333,1,0.16669999999999996
propensity,6,away,304,0.8333,0.3333,-0.5
propensity,6,away,305,0.1667,0.1667,0
propensity,6,away,306,-0.1667,-0.3333,-0.1666
propensity,6,away,307,-0.1667,-0.1667,0
propensity,6,away,308,0.5,0.1667,-0.33330000000000004
propensity,6,away,309,-1,-0.3333,0.6667000000000001
propensity,6,away,310,0.1667,0.1667,0
propensity,6,away,311,-0,0.1667,0.1667
propensity,6,away,312,0.6667,-0.1667,-0.8333999999999999
propensity,6,away,313,-0.1667,0.5,0.6667
propensity,6,away,314,0.5,0.6667,0.16669999999999996
propensity,6,away,315,0.8333,1.1667,0.33340000000000003
propensity,6,away,316,0.5,0.6667,0.16669999999999996
propensity,6,away,317,-0,-0,0
propensity,6,away,318,-0,0.6667,0.6667
propensity,6,away,319,0.6667,0.1667,-0.5
propensity,6,away,320,0.8333,0.5,-0.33330000000000004
propensity,6,away,321,-0,1,1
propensity,6,away,322,0.6667,1,0.33330000000000004
propensity,6,away,323,0.8333,-0.3333,-1.1666
propensity,6,away,324,0.1667,0.8333,0.6666000000000001
propensity,6,away,325,0.1667,0.6667,0.5
propensity,6,away,326,-0.1667,-0.5,-0.33330000000000004
propensity,6,away,327,1.1667,0.3333,-0.8334000000000001
propensity,6,away,328,1.1667,-0,-1.1667
propensity,6,away,329,0.3333,0.1667,-0.1666
propensity,6,away,330,0.5,-0.1667,-0.6667
propensity,6,away,331,0.1667,-1,-1.1667
propensity,6,away,332,-0.3333,-0,0.3333
propensity,6,away,333,-0.5,-0,0.5
propensity,6,away,334,0.5,0.3333,-0.16670000000000001
propensity,6,away,335,-0.1667,0.1667,0.3334
propensity,6,away,336,-0.6667,0.1667,0.8333999999999999
propensity,6,away,337,0.1667,-0.1667,-0.3334
propensity,6,away,338,0.6667,0.1667,-0.5
propensity,6,away,339,0.6667,0.6667,0
propensity,6,away,340,0.1667,-0,-0.1667
propensity,6,away,341,-0.3333,-0.1667,0.1666
propensity,6,away,342,0.3333,1,0.6667000000000001
propensity,6,away,343,1.5,-0.3333,-1.8333
propensity,6,away,344,0.1667,0.5,0.33330000000000004
propensity,6,away,345,-0,0.3333,0.3333
propensity,6,away,346,0.5,-0,-0.5
propensity,6,away,347,-0,-0.1667,-0.1667
propensity,6,away,348,-0,-0.6667,-0.6667
propensity,6,away,349,1,0.8333,-0.16669999999999996
propensity,6,away,350,0.5,0.6667,0.16669999999999996
propensity,6,away,351,0.5,0.5,0
propensity,6,away,352,1.1667,1,-0.16670000000000007
propensity,6,away,353,0.5,0.3333,-0.16670000000000001
propensity,6,away,354,-0.1667,0.3333,0.5
propensity,6,away,355,0.1667,-0.5,-0.6667
propensity,6,away,356,-1.3333,0.5,1.8333
propensity,6,away,357,1.5,0.6667,-0.8333
propensity,6,away,358,-0.1667,0.1667,0.3334
propensity,6,away,359,0.6667,0.3333,-0.3334
propensity,6,away,360,-0,-0.5,-0.5
propensity,6,away,361,-0.1667,1.1667,1.3334000000000001
propensity,6,away,362,-0.3333,0.3333,0.6666
propensity,6,away,363,0.1667,-0.1667,-0.3334
propensity,6,away,364,0.5,-0.5,-1
propensity,6,away,365,-0.6667,0.6667,1.3334
propensity,6,away,366,-1,0.3333,1.3333
propensity,6,away,367,-0.5,-0.8333,-0.33330000000000004
propensity,6,away,368,-0,-0.3333,-0.3333
propensity,6,away,369,-0.3333,0.1667,0.5
propensity,6,away,370,0.3333,-0.8333,-1.1666
propensity,6,away,371,0.5,1.1667,0.6667000000000001
propensity,6,away,372,-0.3333,-1,-0.6667000000000001
propensity,6,away,373,-0.5,0.3333,0.8332999999999999
propensity,6,away,374,-0.1667,-0.8333,-0.6666000000000001
propensity,6,away,375,0.3333,1.5,1.1667
propensity,6,away,376,0.5,-0.1667,-0.6667
propensity,6,away,377,-0,-0.1667,-0.1667
propensity,6,away,378,0.3333,1,0.6667000000000001
propensity,6,away,379,-0.1667,0.3333,0.5
propensity,6,away,380,0.8333,0.6667,-0.16660000000000008
propensity,6,away,381,0.6667,-0.1667,-0.8333999999999999
propensity,6,away,382,-0.1667,0.3333,0.5
propensity,6,away,383,-0.1667,0.3333,0.5
propensity,6,away,384,-0,0.8333,0.8333
propensity,6,away,385,-0.1667,-0.6667,-0.5
propensity,6,away,386,-0.3333,0.1667,0.5
propensity,6,away,387,0.6667,0.5,-0.16669999999999996
propensity,6,away,388,0.8333,0.5,-0.33330000000000004
propensity,6,away,389,0.3333,0.5,0.16670000000000001
propensity,6,away,390,0.5,-0.6667,-1.1667
propensity,6,away,391,1,-0.1667,-1.1667
propensity,6,away,392,-0.5,0.3333,0.8332999999999999
propensity,6,away,393,0.1667,0.1667,0
propensity,6,away,394,0.5,0.5,0
propensity,6,away,395,0.6667,0.3333,-0.3334
propensity,6,away,396,-0,-0.8333,-0.8333
propensity,6,away,397,0.3333,0.3333,0
propensity,6,away,398,0.5,0.5,0
propensity,6,away,399,1.1667,0.6667,-0.5000000000000001
propensity,6,away,400,0.5,0.5,0
propensity,6,away,401,0.8333,-0.3333,-1.1666
propensity,6,away,402,-0.1667,0.3333,0.5
propensity,6,away,403,-0.5,-0,0.5
propensity,6,away,404,0.6667,0.1667,-0.5
propensity,6,away,405,1.6667,1.3333,-0.33340000000000014
propensity,6,away,406,1.1667,0.3333,-0.8334000000000001
propensity,6,away,407,1.1667,0.6667,-0.5000000000000001
propensity,6,away,408,0.1667,0.6667,0.5
propensity,6,away,409,1.5,1.1667,-0.33329999999999993
propensity,6,away,410,0.8333,0.6667,-0.16660000000000008
propensity,6,away,411,0.8333,0.8333,0
propensity,6,away,412,0.3333,0.6667,0.3334
propensity,6,away,413,-0.3333,-0.3333,0
propensity,6,away,414,0.8333,0.5,-0.33330000000000004
propensity,6,away,415,0.5,0.8333,0.33330000000000004
propensity,6,away,416,-0,0.5,0.5
propensity,6,away,417,0.5,0.3333,-0.16670000000000001
propensity,6,away,418,0.1667,0.3333,0.1666
propensity,6,away,419,0.6667,1,0.33330000000000004
propensity,6,away,420,0.6667,0.8333,0.16660000000000008
propensity,6,away,421,-0.5,0.3333,0.8332999999999999
propensity,6,away,422,0.1667,-0.5,-0.6667
propensity,6,away,423,0.1667,1,0.8333
propensity,6,away,424,1.5,0.3333,-1.1667
propensity,6,away,425,0.3333,0.5,0.16670000000000001
propensity,6,away,426,-0.3333,0.6667,1
propensity,6,away,427,-0.6667,-0.5,0.16669999999999996
propensity,6,away,428,-0,0.3333,0.3333
propensity,6,away,429,-0.5,0.3333,0.8332999999999999
propensity,6,away,430,-0,-0,0
propensity,6,away,431,-0.6667,1.1667,1.8334000000000001
propensity,6,away,432,-0,0.8333,0.8333
propensity,6,away,433,1.3333,1,-0.33329999999999993
propensity,6,away,434,0.3333,-0.5,-0.8332999999999999
propensity,6,away,435,-0.6667,-0.5,0.16669999999999996
propensity,6,away,436,1.3333,1.5,0.16670000000000007
propensity,6,away,437,0.8333,0.5,-0.33330000000000004
propensity,6,away,438,-0.3333,-0.1667,0.1666
propensity,6,away,439,0.1667,-0,-0.1667
propensity,6,away,440,0.6667,-0.5,-1.1667
propensity,6,away,441,-0.5,-1,-0.5
propensity,6,away,442,0.1667,-0.6667,-0.8333999999999999
propensity,6,away,443,0.3333,0.6667,0.3334
propensity,6,away,444,-0.8333,0.8333,1.6666
propensity,6,away,445,-0.5,-0.5,0
propensity,6,away,446,0.5,0.6667,0.16669999999999996
propensity,6,away,447,0.8333,0.5,-0.33330000000000004
propensity,6,away,448,1.3333,0.6667,-0.6666
propensity,6,away,449,1,0.5,-0.5
propensity,6,away,450,0.5,-0.1667,-0.6667
propensity,6,away,451,0.3333,-0,-0.3333
propensity,6,away,452,-1.3333,-0.8333,0.4999999999999999
propensity,6,away,453,-0,-0.1667,-0.1667
propensity,6,away,454,0.1667,0.5,0.33330000000000004
propensity,6,away,455,0.5,0.5,0
propensity,6,away,456,-1,1,2
propensity,6,away,457,-0.6667,1,1.6667
propensity,6,away,458,-0.8333,0.3333,1.1666
propensity,6,away,459,-0.5,0.6667,1.1667
propensity,6,away,460,-0,-0.3333,-0.3333
propensity,6,away,461,0.8333,0.1667,-0.6666000000000001
propensity,6,away,462,1,0.6667,-0.33330000000000004
propensity,6,away,463,-0.1667,0.3333,0.5
propensity,6,away,464,0.8333,0.3333,-0.5
propensity,6,away,465,0.5,0.8333,0.33330000000000004
propensity,6,away,466,0.6667,0.1667,-0.5
propensity,6,away,467,0.8333,1.1667,0.33340000000000003
propensity,6,away,468,0.3333,-0,-0.3333
propensity,6,away,469,0.5,-0.1667,-0.6667
propensity,6,away,470,-0,-0,0
propensity,6,away,471,-0.1667,-0.6667,-0.5
propensity,6,away,472,0.3333,-0.1667,-0.5
propensity,6,away,473,-0.3333,-0.5,-0.16670000000000001
propensity,6,away,474,0.6667,0.6667,0
propensity,6,away,475,0.6667,0.8333,0.16660000000000008
propensity,6,away,476,0.1667,-0.1667,-0.3334
propensity,6,away,477,-0,0.3333,0.3333
propensity,6,away,478,0.6667,0.5,-0.16669999999999996
propensity,6,away,479,0.3333,0.3333,0
propensity,6,away,480,-0.8333,-0.6667,0.16660000000000008
propensity,6,away,481,0.3333,-0.3333,-0.6666
propensity,6,away,482,-0.3333,-0.8333,-0.5
propensity,6,away,483,-0.3333,0.5,0.8332999999999999
propensity,6,away,484,-1,0.5,1.5
propensity,6,away,485,0.1667,-0.3333,-0.5
propensity,6,away,486,-0,0.6667,0.6667
propensity,6,away,487,1,0.6667,-0.33330000000000004
propensity,6,away,488,0.5,0.8333,0.33330000000000004
propensity,6,away,489,0.8333,-0,-0.8333
propensity,6,away,490,0.8333,0.8333,0
propensity,6,away,491,-0.1667,-0,0.1667
propensity,6,away,492,0.3333,-0.8333,-1.1666
propensity,6,away,493,0.1667,-0.5,-0.6667
propensity,6,away,494,-0.3333,0.5,0.8332999999999999
propensity,6,away,495,0.8333,0.1667,-0.6666000000000001
propensity,6,away,496,-0.1667,0.5,0.6667
propensity,6,away,497,-0.5,-0.3333,0.16670000000000001
propensity,6,away,498,0.3333,-0.1667,-0.5
propensity,6,away,499,0.6667,1.5,0.8333
propensity,6,away,500,-0,0.8333,0.8333
propensity,6,away,501,0.3333,-1,-1.3333
propensity,6,away,502,0.3333,-0.5,-0.8332999999999999
propensity,6,away,503,0.6667,0.5,-0.16669999999999996
propensity,6,away,504,0.5,-0,-0.5
propensity,6,away,505,0.5,-0.3333,-0.8332999999999999
propensity,6,away,506,0.1667,0.1667,0
propensity,6,away,507,-0.3333,0.8333,1.1666
propensity,6,away,508,-0.3333,0.3333,0.6666
propensity,6,away,509,-0,-0,0
propensity,6,away,510,-0.1667,0.1667,0.3334
propensity,6,away,511,0.5,-0.3333,-0.8332999999999999
propensity,6,away,512,0.1667,1.5,1.3333
propensity,6,away,513,1.5,1.3333,-0.16670000000000007
propensity,6,away,514,-0.1667,-0.3333,-0.1666
propensity,6,away,515,0.6667,0.8333,0.16660000000000008
propensity,6,away,516,1,0.6667,-0.33330000000000004
propensity,6,away,517,-0,0.1667,0.1667
propensity,6,away,518,0.6667,0.1667,-0.5
propensity,6,away,519,-0,0.5,0.5
propensity,6,away,520,0.6667,1,0.33330000000000004
propensity,6,away,521,1,-0,-1
propensity,6,away,522,-0.8333,1,1.8333
propensity,6,away,523,-0.6667,0.3333,1
propensity,6,away,524,-0.3333,0.3333,0.6666
propensity,6,away,525,-0.1667,-0.5,-0.33330000000000004
propensity,6,away,526,-0.8333,0.3333,1.1666
propensity,6,away,527,0.5,0.3333,-0.16670000000000001
propensity,6,away,528,-0.5,0.3333,0.8332999999999999
propensity,6,away,529,1,0.5,-0.5
propensity,6,away,530,-0.3333,-0.1667,0.1666
propensity,6,away,531,-0,0.6667,0.6667
propensity,6,away,532,1.1667,0.8333,-0.33340000000000003
propensity,6,away,533,0.8333,1,0.16669999999999996
propensity,6,away,534,-0.6667,0.8333,1.5
propensity,6,away,535,-0,0.8333,0.8333
propensity,6,away,536,0.1667,-0.3333,-0.5
propensity,6,away,537,-0.5,0.8333,1.3333
propensity,6,away,538,0.6667,0.6667,0
propensity,6,away,539,-0,-0.6667,-0.6667
propensity,6,away,540,1.1667,0.1667,-1
propensity,6,away,541,0.3333,-0.1667,-0.5
propensity,6,away,542,0.5,-0.3333,-0.8332999999999999
propensity,6,away,543,0.5,0.5,0
propensity,6,away,544,0.6667,-0,-0.6667
propensity,6,away,545,0.8333,1.8333,0.9999999999999999
propensity,6,away,546,1.3333,0.3333,-1
propensity,6,away,547,0.5,-0.5,-1
propensity,6,away,548,-0.1667,-0.8333,-0.6666000000000001
propensity,6,away,549,-0.1667,-0.6667,-0.5
propensity,6,away,550,0.6667,0.8333,0.16660000000000008
propensity,6,away,551,1,0.5,-0.5
propensity,6,away,552,1,1,0
propensity,6,away,553,-0.1667,0.3333,0.5
propensity,6,away,554,0.8333,1.3333,0.4999999999999999
propensity,6,away,555,0.1667,0.1667,0
propensity,6,away,556,-0,-0.1667,-0.1667
propensity,6,away,557,0.3333,-0.1667,-0.5
propensity,6,away,558,0.3333,-0.3333,-0.6666
propensity,6,away,559,-0.5,0.5,1
propensity,6,away,560,-0.3333,-1.1667,-0.8334000000000001
propensity,6,away,561,0.5,0.6667,0.16669999999999996
propensity,6,away,562,-0.6667,-0.1667,0.5
propensity,6,away,563,0.3333,1.3333,1
propensity,6,away,564,-0.3333,-1.1667,-0.8334000000000001
propensity,6,away,565,-0,-0.6667,-0.6667
propensity,6,away,566,-0.1667,-0,0.1667
propensity,6,away,567,0.8333,-0,-0.8333
propensity,6,away,568,-0.6667,-1,-0.33330000000000004
propensity,6,away,569,0.6667,0.6667,0
propensity,6,away,570,-0.6667,0.5,1.1667
propensity,6,away,571,0.3333,0.8333,0.5
propensity,6,away,572,0.5,1.3333,0.8332999999999999
propensity,6,away,573,-0.1667,-0,0.1667
propensity,6,away,574,0.5,1,0.5
propensity,6,away,575,-0.1667,1.3333,1.5
propensity,6,away,576,1.5,1,-0.5
propensity,6,away,577,0.3333,-0,-0.3333
propensity,6,away,578,1.3333,1.3333,0
propensity,6,away,579,0.3333,-0.1667,-0.5
propensity,6,away,580,0.1667,0.1667,0
propensity,6,away,581,0.8333,1.1667,0.33340000000000003
propensity,6,away,582,1.3333,0.6667,-0.6666
propensity,6,away,583,1,1,0
propensity,6,away,584,0.6667,1.1667,0.5000000000000001
propensity,6,away,585,0.8333,-0.1667,-1
propensity,6,away,586,0.8333,1.3333,0.4999999999999999
propensity,6,away,587,0.8333,1.5,0.6667
propensity,6,away,588,0.5,1.3333,0.8332999999999999
propensity,6,away,589,0.6667,-0.3333,-1
propensity,6,away,590,0.5,-1,-1.5
propensity,6,away,591,0.3333,-0,-0.3333
propensity,6,away,592,-1,-0.5,0.5
propensity,6,away,593,-0,0.6667,0.6667
propensity,6,away,594,0.5,0.6667,0.16669999999999996
propensity,6,away,595,-0.3333,0.8333,1.1666
propensity,6,away,596,-0.3333,0.3333,0.6666
propensity,6,away,597,0.8333,-0,-0.8333
propensity,6,away,598,0.8333,-0.5,-1.3333
propensity,6,away,599,-0,-0.5,-0.5
propensity,6,away,600,0.3333,-0,-0.3333
propensity,6,away,601,1.1667,0.5,-0.6667000000000001
propensity,6,away,602,0.6667,0.8333,0.16660000000000008
propensity,6,away,603,-0,-0.3333,-0.3333
propensity,6,away,604,-0,0.3333,0.3333
propensity,6,away,605,-1.1667,-1.5,-0.33329999999999993
propensity,6,away,606,0.1667,-1,-1.1667
propensity,6,away,607,0.6667,-0.3333,-1
propensity,6,away,608,0.3333,0.3333,0
propensity,6,away,609,-0,-0.3333,-0.3333
propensity,6,away,610,0.5,-0.1667,-0.6667
propensity,6,away,611,0.1667,-0.8333,-1
propensity,6,away,612,1.1667,0.1667,-1
propensity,6,away,613,0.1667,-0,-0.1667
propensity,6,away,614,-0.5,-0.1667,0.33330000000000004
propensity,6,away,615,-0.1667,0.3333,0.5
propensity,6,away,616,-0.1667,-0.3333,-0.1666
propensity,6,away,617,0.3333,1.3333,1
propensity,6,away,618,0.3333,0.3333,0
propensity,6,away,619,-0.5,-0.1667,0.33330000000000004
propensity,6,away,620,0.3333,-0.6667,-1
propensity,6,away,621,0.6667,0.8333,0.16660000000000008
propensity,6,away,622,0.5,1.1667,0.6667000000000001
propensity,6,away,623,1,1.1667,0.16670000000000007
propensity,6,away,624,-0.5,-0.5,0
propensity,6,away,625,0.3333,0.3333,0
propensity,6,away,626,0.8333,0.5,-0.33330000000000004
propensity,6,away,627,-0,-0.1667,-0.1667
propensity,6,away,628,-0,-0.5,-0.5
propensity,6,away,629,0.6667,-0,-0.6667
propensity,6,away,630,0.6667,0.5,-0.16669999999999996
propensity,6,away,631,0.1667,-0.3333,-0.5
propensity,6,away,632,0.3333,0.8333,0.5
propensity,6,away,633,-0.6667,-0.5,0.16669999999999996
propensity,6,away,634,0.6667,0.3333,-0.3334
propensity,6,away,635,1,0.5,-0.5
propensity,6,away,636,-0.3333,-0.3333,0
propensity,6,away,637,1,1,0
propensity,6,away,638,-0,1,1
propensity,6,away,639,0.5,-0.1667,-0.6667
propensity,6,away,640,0.3333,-1.1667,-1.5
propensity,6,away,641,0.5,0.5,0
propensity,6,away,642,0.1667,-0.3333,-0.5
propensity,6,away,643,0.6667,-0,-0.6667
propensity,6,away,644,1.6667,0.3333,-1.3334000000000001
propensity,6,away,645,0.5,-0.5,-1
propensity,6,away,646,0.5,-0,-0.5
propensity,6,away,647,0.5,-0.6667,-1.1667
propensity,6,away,648,0.3333,-0,-0.3333
propensity,6,away,649,-0.1667,-0,0.1667
propensity,6,away,650,0.3333,1.5,1.1667
propensity,6,away,651,1.1667,0.3333,-0.8334000000000001
propensity,6,away,652,1,0.5,-0.5
propensity,6,away,653,0.5,-0.1667,-0.6667
propensity,6,away,654,-0.6667,-0.3333,0.3334
propensity,6,away,655,-0.6667,0.1667,0.8333999999999999
propensity,6,away,656,-0.8333,-0.3333,0.5
propensity,6,away,657,1,0.1667,-0.8333
propensity,6,away,658,-0.5,0.5,1
propensity,6,away,659,0.6667,-0,-0.6667
propensity,6,away,660,-0,0.3333,0.3333
propensity,6,away,661,0.6667,1.1667,0.5000000000000001
propensity,6,away,662,-0,-0.6667,-0.6667
propensity,6,away,663,-0.3333,0.3333,0.6666
propensity,6,away,664,1,0.3333,-0.6667000000000001
propensity,6,away,665,0.6667,0.5,-0.16669999999999996
propensity,6,away,666,0.3333,-0.1667,-0.5
propensity,6,away,667,-0.1667,0.3333,0.5
propensity,6,away,668,0.6667,0.6667,0
propensity,6,away,669,0.8333,1.1667,0.33340000000000003
propensity,6,away,670,0.6667,0.8333,0.16660000000000008
propensity,6,away,671,-0.1667,0.5,0.6667
propensity,6,away,672,0.6667,-0.3333,-1
propensity,6,away,673,-0.3333,-0,0.3333
propensity,6,away,674,-0.1667,-0.3333,-0.1666
propensity,6,away,675,-0.3333,-0.3333,0
propensity,6,away,676,1.1667,1.1667,0
propensity,6,away,677,-0,0.1667,0.1667
propensity,6,away,678,0.6667,1,0.33330000000000004
propensity,6,away,679,0.3333,0.1667,-0.1666
propensity,6,away,680,0.3333,-0.5,-0.8332999999999999
propensity,6,away,681,-0,-0.3333,-0.3333
propensity,6,away,682,0.1667,0.3333,0.1666
propensity,6,away,683,0.1667,0.5,0.33330000000000004
propensity,6,away,684,1.1667,-0,-1.1667
propensity,6,away,685,1.3333,0.6667,-0.6666
propensity,6,away,686,-0.6667,-0.5,0.16669999999999996
propensity,6,away,687,-0,-0.5,-0.5
propensity,6,away,688,0.5,0.5,0
propensity,6,away,689,1.3333,1.1667,-0.16659999999999986
propensity,6,away,690,0.6667,0.6667,0
propensity,6,away,691,1,0.3333,-0.6667000000000001
propensity,6,away,692,-0.1667,0.5,0.6667
propensity,6,away,693,-0.5,0.6667,1.1667
propensity,6,away,694,0.6667,-0.5,-1.1667
propensity,6,away,695,0.1667,0.3333,0.1666
propensity,6,away,696,-0,-0.1667,-0.1667
propensity,6,away,697,-1,0.5,1.5
propensity,6,away,698,-0.5,-0,0.5
propensity,6,away,699,1.6667,1.1667,-0.5
propensity,6,away,700,0.1667,0.1667,0
propensity,6,away,701,0.6667,-0,-0.6667
propensity,6,away,702,1.5,1,-0.5
propensity,6,away,703,-0.3333,-0.1667,0.1666
propensity,6,away,704,1.3333,1.1667,-0.16659999999999986
propensity,6,away,705,-0,0.3333,0.3333
propensity,6,away,706,0.8333,-0.5,-1.3333
propensity,6,away,707,-0.3333,-0.6667,-0.3334
propensity,6,away,708,0.8333,-0,-0.8333
propensity,6,away,709,0.6667,0.5,-0.16669999999999996
propensity,6,away,710,0.5,-0.1667,-0.6667
propensity,6,away,711,-0,0.8333,0.8333
propensity,6,away,712,-0.6667,-0.8333,-0.16660000000000008
propensity,6,away,713,1.1667,-0.3333,-1.5
propensity,6,away,714,1.3333,0.8333,-0.4999999999999999
propensity,6,away,715,0.3333,-0.6667,-1
propensity,6,away,716,-0,-0.5,-0.5
propensity,6,away,717,0.6667,0.3333,-0.3334
propensity,6,away,718,-0.8333,-0,0.8333
propensity,6,away,719,0.5,-0.3333,-0.8332999999999999
propensity,6,away,720,0.5,-0.3333,-0.8332999999999999
propensity,6,away,721,0.3333,0.1667,-0.1666
propensity,6,away,722,-0.3333,-0.1667,0.1666
propensity,6,away,723,0.6667,0.5,-0.16669999999999996
propensity,6,away,724,0.1667,1,0.8333
propensity,6,away,725,-1,-0.1667,0.8333
propensity,6,away,726,0.3333,0.3333,0
propensity,6,away,727,-0.1667,1,1.1667
propensity,6,away,728,0.8333,1,0.16669999999999996
propensity,6,away,729,1.1667,0.1667,-1
propensity,6,away,730,0.8333,-0,-0.8333
propensity,6,away,731,1,0.5,-0.5
propensity,6,away,732,0.3333,0.8333,0.5
propensity,6,away,733,-0.1667,-0.5,-0.33330000000000004
propensity,6,away,734,0.8333,0.6667,-0.16660000000000008
propensity,6,away,735,-0,0.3333,0.3333
propensity,6,away,736,1,0.5,-0.5
propensity,6,away,737,0.5,0.3333,-0.16670000000000001
propensity,6,away,738,-0,0.1667,0.1667
propensity,6,away,739,-0,0.1667,0.1667
propensity,6,away,740,0.5,-0,-0.5
propensity,6,away,741,1.8333,1,-0.8332999999999999
propensity,6,away,742,-0.3333,0.6667,1
propensity,6,away,743,0.6667,0.6667,0
propensity,6,away,744,-0,-0.1667,-0.1667
propensity,6,away,745,0.5,-0.5,-1
propensity,6,away,746,0.1667,1,0.8333
propensity,6,away,747,0.3333,0.6667,0.3334
propensity,6,away,748,0.3333,-1,-1.3333
propensity,6,away,749,-0.3333,-1.1667,-0.8334000000000001
propensity,6,away,750,0.1667,-0.3333,-0.5
propensity,6,away,751,1.1667,0.3333,-0.8334000000000001
propensity,6,away,752,-1,-0.3333,0.6667000000000001
propensity,6,away,753,-0,1.1667,1.1667
propensity,6,away,754,0.6667,0.1667,-0.5
propensity,6,away,755,-0.8333,0.3333,1.1666
propensity,6,away,756,-0.6667,-0.1667,0.5
propensity,6,away,757,-0.8333,0.8333,1.6666
propensity,6,away,758,-0.1667,0.5,0.6667
propensity,6,away,759,0.5,1,0.5
propensity,6,away,760,0.6667,-0,-0.6667
propensity,6,away,761,0.6667,-0.3333,-1
propensity,6,away,762,-0.6667,-0.1667,0.5
propensity,6,away,763,-0.3333,-0.3333,0
propensity,6,away,764,-0.8333,-0.1667,0.6666000000000001
propensity,6,away,765,0.6667,0.6667,0
propensity,6,away,766,-0,-0.1667,-0.1667
propensity,6,away,767,0.6667,0.1667,-0.5
propensity,6,away,768,0.3333,0.1667,-0.1666
propensity,6,away,769,0.5,-0.1667,-0.6667
propensity,6,away,770,-0.5,-0.5,0
propensity,6,away,771,0.3333,-0,-0.3333
propensity,6,away,772,1,-0.5,-1.5
propensity,6,away,773,0.8333,1.3333,0.4999999999999999
propensity,6,away,774,0.6667,0.1667,-0.5
propensity,6,away,775,0.8333,0.5,-0.33330000000000004
propensity,6,away,776,-0,-0.3333,-0.3333
propensity,6,away,777,0.6667,-0,-0.6667
propensity,6,away,778,-0.3333,0.1667,0.5
propensity,6,away,779,1.1667,1,-0.16670000000000007
propensity,6,away,780,-0.8333,-0,0.8333
propensity,6,away,781,-0.5,0.5,1
propensity,6,away,782,0.8333,-0,-0.8333
propensity,6,away,783,0.6667,-0,-0.6667
propensity,6,away,784,0.3333,0.1667,-0.1666
propensity,6,away,785,0.5,-0,-0.5
propensity,6,away,786,1.5,0.1667,-1.3333
propensity,6,away,787,0.6667,-0.8333,-1.5
propensity,6,away,788,0.1667,0.1667,0
propensity,6,away,789,-0.3333,-0,0.3333
propensity,6,away,790,-0,-0.8333,-0.8333
propensity,6,away,791,0.8333,0.3333,-0.5
propensity,6,away,792,0.3333,-0.3333,-0.6666
propensity,6,away,793,0.3333,-0.3333,-0.6666
propensity,6,away,794,-0,-1.1667,-1.1667
propensity,6,away,795,0.3333,-0.8333,-1.1666
propensity,6,away,796,1,1,0
propensity,6,away,797,0.6667,0.1667,-0.5
propensity,6,away,798,-0.8333,-1,-0.16669999999999996
propensity,6,away,799,-1.1667,-0,1.1667
propensity,6,away,800,-0.5,-0.6667,-0.16669999999999996
propensity,6,away,801,0.1667,-0,-0.1667
propensity,6,away,802,-0.3333,0.5,0.8332999999999999
propensity,6,away,803,-0.3333,-0.1667,0.1666
propensity,6,away,804,0.6667,-0.1667,-0.8333999999999999
propensity,6,away,805,0.1667,0.3333,0.1666
propensity,6,away,806,-0.5,-0.1667,0.33330000000000004
propensity,6,away,807,-0.6667,-0.8333,-0.16660000000000008
propensity,6,away,808,0.6667,0.8333,0.16660000000000008
propensity,6,away,809,-0.5,-0.1667,0.33330000000000004
propensity,6,away,810,0.6667,1.5,0.8333
propensity,6,away,811,-0,-0.1667,-0.1667
propensity,6,away,812,0.8333,-0,-0.8333
propensity,6,away,813,0.5,0.1667,-0.33330000000000004
propensity,6,away,814,0.6667,0.6667,0
propensity,6,away,815,0.6667,0.6667,0
propensity,6,away,816,-1,-0.3333,0.6667000000000001
propensity,6,away,817,0.3333,-0.3333,-0.6666
propensity,6,away,818,0.8333,0.5,-0.33330000000000004
propensity,6,away,819,-0.6667,-0.6667,0
propensity,6,away,820,1,0.8333,-0.16669999999999996
propensity,6,away,821,0.6667,1,0.33330000000000004
propensity,6,away,822,-0.3333,0.3333,0.6666
propensity,6,away,823,0.6667,-0.6667,-1.3334
propensity,6,away,824,-0,0.8333,0.8333
propensity,6,away,825,-0,1.1667,1.1667
propensity,6,away,826,0.5,-0.1667,-0.6667
propensity,6,away,827,-0.6667,-0.1667,0.5
propensity,6,away,828,1,0.5,-0.5
propensity,6,away,829,1,1.3333,0.33329999999999993
propensity,6,away,830,0.6667,-0,-0.6667
propensity,6,away,831,0.5,-0,-0.5
propensity,6,away,832,0.6667,-0,-0.6667
propensity,6,away,833,-0,0.3333,0.3333
propensity,6,away,834,-0.6667,0.1667,0.8333999999999999
propensity,6,away,835,-0.1667,0.1667,0.3334
propensity,6,away,836,0.3333,0.6667,0.3334
propensity,6,away,837,-0,0.5,0.5
propensity,6,away,838,0.3333,-0,-0.3333
propensity,6,away,839,0.8333,0.8333,0
propensity,6,away,840,0.8333,1.3333,0.4999999999999999
propensity,6,away,841,0.1667,-0.5,-0.6667
propensity,6,away,842,0.1667,0.3333,0.1666
propensity,6,away,843,0.1667,0.6667,0.5
propensity,6,away,844,-0.5,0.5,1
propensity,6,away,845,0.3333,0.6667,0.3334
propensity,6,away,846,-0,0.5,0.5
propensity,6,away,847,-0.3333,0.1667,0.5
propensity,6,away,848,-0,1.1667,1.1667
propensity,6,away,849,1,-0,-1
propensity,6,away,850,1,1,0
propensity,6,away,851,0.1667,-0.1667,-0.3334
propensity,6,away,852,-0.6667,-0.3333,0.3334
propensity,6,away,853,0.6667,-0.1667,-0.8333999999999999
propensity,6,away,854,-0,0.3333,0.3333
propensity,6,away,855,-0.6667,-0,0.6667
propensity,6,away,856,0.6667,-0.1667,-0.8333999999999999
propensity,6,away,857,0.8333,0.8333,0
propensity,6,away,858,0.3333,0.3333,0
propensity,6,away,859,-0.3333,0.5,0.8332999999999999
propensity,6,away,860,-1.1667,-1.1667,0
propensity,6,away,861,-0,1.3333,1.3333
propensity,6,away,862,0.5,0.8333,0.33330000000000004
propensity,6,away,863,1.5,0.3333,-1.1667
propensity,6,away,864,-1.3333,-0.6667,0.6666
propensity,6,away,865,-0.1667,0.1667,0.3334
propensity,6,away,866,1.6667,0.5,-1.1667
propensity,6,away,867,-0,0.3333,0.3333
propensity,6,away,868,-0.1667,-0,0.1667
propensity,6,away,869,0.1667,0.1667,0
propensity,6,away,870,0.8333,-0.3333,-1.1666
propensity,6,away,871,-0.6667,-0.6667,0
propensity,6,away,872,-0,0.5,0.5
propensity,6,away,873,-0.1667,-0.6667,-0.5
propensity,6,away,874,-0.5,0.6667,1.1667
propensity,6,away,875,-0,0.5,0.5
propensity,6,away,876,-0.5,-0.6667,-0.16669999999999996
propensity,6,away,877,-0.5,-0.1667,0.33330000000000004
propensity,6,away,878,-0.6667,-0.3333,0.3334
propensity,6,away,879,1,0.3333,-0.6667000000000001
propensity,6,away,880,0.3333,-0.1667,-0.5
propensity,6,away,881,-0.8333,-0.3333,0.5
propensity,6,home,1,0,-0.1667,-0.1667
propensity,6,home,2,0.6667,0.5,-0.16669999999999996
propensity,6,home,3,-0.8333,-0.5,0.33330000000000004
propensity,6,home,4,0.5,0,-0.5
propensity,6,home,5,1.3333,0,-1.3333
propensity,6,home,6,0.6667,0,-0.6667
propensity,6,home,7,0,-0.8333,-0.8333
propensity,6,home,8,-0.1667,0,0.1667
propensity,6,home,9,0.5,1.3333,0.8332999999999999
propensity,6,home,10,0,0.5,0.5
propensity,6,home,11,0.5,-0.1667,-0.6667
propensity,6,home,12,0.5,-0.1667,-0.6667
propensity,6,home,13,0.6667,0.5,-0.16669999999999996
propensity,6,home,14,0.1667,0.1667,0
propensity,6,home,15,-0.5,-0.8333,-0.33330000000000004
propensity,6,home,16,0,0.3333,0.3333
propensity,6,home,17,1.3333,0,-1.3333
propensity,6,home,18,0.5,0.1667,-0.33330000000000004
propensity,6,home,19,1.3333,-0.3333,-1.6665999999999999
propensity,6,home,20,-0.3333,-0.3333,0
propensity,6,home,21,0.6667,1,0.33330000000000004
propensity,6,home,22,0.8333,0.5,-0.33330000000000004
propensity,6,home,23,-0.3333,0.5,0.8332999999999999
propensity,6,home,24,-0.1667,-0.1667,0
propensity,6,home,25,0.5,0.5,0
propensity,6,home,26,0.5,0.3333,-0.16670000000000001
propensity,6,home,27,0,0.1667,0.1667
propensity,6,home,28,-0.3333,0.1667,0.5
propensity,6,home,29,-0.5,0.1667,0.6667
propensity,6,home,30,-0.1667,1.1667,1.3334000000000001
propensity,6,home,31,0.5,-0.5,-1
propensity,6,home,32,-0.3333,-0.5,-0.16670000000000001
propensity,6,home,33,1.5,1,-0.5
propensity,6,home,34,-0.1667,-0.1667,0
propensity,6,home,35,0.1667,0.1667,0
propensity,6,home,36,0.5,0.6667,0.16669999999999996
propensity,6,home,37,-0.3333,-0.1667,0.1666
propensity,6,home,38,-0.1667,-0.5,-0.33330000000000004
propensity,6,home,39,-0.1667,-0.1667,0
propensity,6,home,40,0.5,0.3333,-0.16670000000000001
propensity,6,home,41,0.3333,0.8333,0.5
propensity,6,home,42,0.6667,0,-0.6667
propensity,6,home,43,0.1667,0.6667,0.5
propensity,6,home,44,-0.1667,0.3333,0.5
propensity,6,home,45,0,0.8333,0.8333
propensity,6,home,46,0.3333,0.1667,-0.1666
propensity,6,home,47,-0.3333,-0.3333,0
propensity,6,home,48,0,0.1667,0.1667
propensity,6,home,49,0,-0.3333,-0.3333
propensity,6,home,50,-0.5,0,0.5
propensity,6,home,51,0.8333,-0.8333,-1.6666
propensity,6,home,52,-1.3333,-0.5,0.8332999999999999
propensity,6,home,53,0.1667,-0.1667,-0.3334
propensity,6,home,54,-0.1667,0.3333,0.5
propensity,6,home,55,-0.1667,0.3333,0.5
propensity,6,home,56,0.3333,1.3333,1
propensity,6,home,57,0.5,1.3333,0.8332999999999999
propensity,6,home,58,0.6667,0.5,-0.16669999999999996
propensity,6,home,59,1.5,-0.3333,-1.8333
propensity,6,home,60,0.6667,0.5,-0.16669999999999996
propensity,6,home,61,-0.6667,-0.1667,0.5
propensity,6,home,62,0.1667,0.8333,0.6666000000000001
propensity,6,home,63,0.5,0.5,0
propensity,6,home,64,-0.1667,-0.3333,-0.1666
propensity,6,home,65,-0.8333,-0.5,0.33330000000000004
propensity,6,home,66,-0.1667,1,1.1667
propensity,6,home,67,0.8333,0.6667,-0.16660000000000008
propensity,6,home,68,0.8333,-0.1667,-1
propensity,6,home,69,0.5,-0.8333,-1.3333
propensity,6,home,70,0.5,0,-0.5
propensity,6,home,71,-0.3333,0.3333,0.6666
propensity,6,home,72,-0.1667,-0.3333,-0.1666
propensity,6,home,73,1.1667,0.3333,-0.8334000000000001
propensity,6,home,74,0.6667,-0.3333,-1
propensity,6,home,75,-1,-0.1667,0.8333
propensity,6,home,76,1.6667,0.3333,-1.3334000000000001
propensity,6,home,77,0,-0.5,-0.5
propensity,6,home,78,0.6667,0.3333,-0.3334
propensity,6,home,79,0.1667,0.5,0.33330000000000004
propensity,6,home,80,0.1667,-0.3333,-0.5
propensity,6,home,81,0.5,0.8333,0.33330000000000004
propensity,6,home,82,-0.1667,0.6667,0.8333999999999999
propensity,6,home,83,-1,-0.6667,0.33330000000000004
propensity,6,home,84,0.5,0.5,0
propensity,6,home,85,-0.1667,0.1667,0.3334
propensity,6,home,86,-0.1667,-0.8333,-0.6666000000000001
propensity,6,home,87,0,0.3333,0.3333
propensity,6,home,88,0.3333,1.1667,0.8334000000000001
propensity,6,home,89,1,0.1667,-0.8333
propensity,6,home,90,0.1667,0,-0.1667
propensity,6,home,91,-0.5,-0.1667,0.33330000000000004
propensity,6,home,92,0.5,0.3333,-0.16670000000000001
propensity,6,home,93,-0.3333,-1,-0.6667000000000001
propensity,6,home,94,0.5,-0.6667,-1.1667
propensity,6,home,95,0.5,0.5,0
propensity,6,home,96,0.1667,-1,-1.1667
propensity,6,home,97,-0.8333,0,0.8333
propensity,6,home,98,0.3333,0.3333,0
propensity,6,home,99,0,0.3333,0.3333
propensity,6,home,100,0.3333,-0.5,-0.8332999999999999
propensity,6,home,101,-0.6667,-0.1667,0.5
propensity,6,home,102,1.1667,0.3333,-0.8334000000000001
propensity,6,home,103,1.3333,1,-0.33329999999999993
propensity,6,home,104,0.8333,0.5,-0.33330000000000004
propensity,6,home,105,0.1667,0.6667,0.5
propensity,6,home,106,1,0.6667,-0.33330000000000004
propensity,6,home,107,1.3333,0.3333,-1
propensity,6,home,108,0.8333,0.5,-0.33330000000000004
propensity,6,home,109,0.5,0.1667,-0.33330000000000004
propensity,6,home,110,-0.1667,0,0.1667
propensity,6,home,111,-0.3333,-0.6667,-0.3334
propensity,6,home,112,0.5,0.6667,0.16669999999999996
propensity,6,home,113,0,1,1
propensity,6,home,114,1.6667,1.5,-0.16670000000000007
propensity,6,home,115,1.3333,1,-0.33329999999999993
propensity,6,home,116,1,1.5,0.5
propensity,6,home,117,1,0.5,-0.5
propensity,6,home,118,0.3333,1.1667,0.8334000000000001
propensity,6,home,119,0.5,0.8333,0.33330000000000004
propensity,6,home,120,0.8333,0.6667,-0.16660000000000008
propensity,6,home,121,-0.3333,-0.3333,0
propensity,6,home,122,0,1.3333,1.3333
propensity,6,home,123,1.5,0.6667,-0.8333
propensity,6,home,124,0.3333,1,0.6667000000000001
propensity,6,home,125,0,0.3333,0.3333
propensity,6,home,126,0.6667,0.5,-0.16669999999999996
propensity,6,home,127,0.3333,1.1667,0.8334000000000001
propensity,6,home,128,-0.1667,0,0.1667
propensity,6,home,129,0.5,0,-0.5
propensity,6,home,130,0.3333,0.5,0.16670000000000001
propensity,6,home,131,0.6667,0,-0.6667
propensity,6,home,132,0.5,0.6667,0.16669999999999996
propensity,6,home,133,-0.1667,1.3333,1.5
propensity,6,home,134,0.6667,0.5,-0.16669999999999996
propensity,6,home,135,-0.1667,0.3333,0.5
propensity,6,home,136,1.1667,0.8333,-0.33340000000000003
propensity,6,home,137,-0.1667,0.5,0.6667
propensity,6,home,138,0.5,0.5,0
propensity,6,home,139,-0.1667,0,0.1667
propensity,6,home,140,0.1667,0.3333,0.1666
propensity,6,home,141,1.1667,0,-1.1667
propensity,6,home,142,0.6667,0.8333,0.16660000000000008
propensity,6,home,143,0.5,0.1667,-0.33330000000000004
propensity,6,home,144,0.3333,0.6667,0.3334
propensity,6,home,145,0.1667,0,-0.1667
propensity,6,home,146,0.1667,1.3333,1.1665999999999999
propensity,6,home,147,0.6667,0.1667,-0.5
propensity,6,home,148,0.1667,-1,-1.1667
propensity,6,home,149,0,0.3333,0.3333
propensity,6,home,150,0,0.6667,0.6667
propensity,6,home,151,0.1667,-0.1667,-0.3334
propensity,6,home,152,0,0.3333,0.3333
propensity,6,home,153,-0.6667,0.5,1.1667
propensity,6,home,154,0.6667,-0.8333,-1.5
propensity,6,home,155,0,-0.5,-0.5
propensity,6,home,156,0.6667,0.6667,0
propensity,6,home,157,-0.8333,-0.5,0.33330000000000004
propensity,6,home,158,-0.3333,-0.6667,-0.3334
propensity,6,home,159,0.3333,0.3333,0
propensity,6,home,160,0.5,0.5,0
propensity,6,home,161,0.3333,0.5,0.16670000000000001
propensity,6,home,162,1.3333,0.3333,-1
propensity,6,home,163,0,-0.3333,-0.3333
propensity,6,home,164,0.3333,0.6667,0.3334
propensity,6,home,165,0.3333,0,-0.3333
propensity,6,home,166,0,0.1667,0.1667
propensity,6,home,167,0,-0.3333,-0.3333
propensity,6,home,168,-0.8333,-0.6667,0.16660000000000008
propensity,6,home,169,0.5,0.1667,-0.33330000000000004
propensity,6,home,170,1.3333,0.6667,-0.6666
propensity,6,home,171,-0.8333,0.1667,1
propensity,6,home,172,0.6667,0.5,-0.16669999999999996
propensity,6,home,173,0.6667,-0.1667,-0.8333999999999999
propensity,6,home,174,0,-0.6667,-0.6667
propensity,6,home,175,-0.5,0.3333,0.8332999999999999
propensity,6,home,176,-0.3333,1.3333,1.6665999999999999
propensity,6,home,177,0.5,0.6667,0.16669999999999996
propensity,6,home,178,0.8333,0.1667,-0.6666000000000001
propensity,6,home,179,0.1667,0.1667,0
propensity,6,home,180,-0.3333,0.6667,1
propensity,6,home,181,-0.3333,0.3333,0.6666
propensity,6,home,182,-0.1667,0.1667,0.3334
propensity,6,home,183,0.3333,0.6667,0.3334
propensity,6,home,184,-0.1667,-0.3333,-0.1666
propensity,6,home,185,0,0.5,0.5
propensity,6,home,186,-0.1667,0.1667,0.3334
propensity,6,home,187,0,0.5,0.5
propensity,6,home,188,-0.6667,-0.6667,0
propensity,6,home,189,0.1667,-0.1667,-0.3334
propensity,6,home,190,0.8333,0.5,-0.33330000000000004
propensity,6,home,191,0.3333,-0.3333,-0.6666
propensity,6,home,192,0.5,0.5,0
propensity,6,home,193,0.6667,-0.8333,-1.5
propensity,6,home,194,-0.3333,-0.1667,0.1666
propensity,6,home,195,0.5,1.1667,0.6667000000000001
propensity,6,home,196,0.3333,0.8333,0.5
propensity,6,home,197,1.1667,0.1667,-1
propensity,6,home,198,0.3333,0.3333,0
propensity,6,home,199,0.3333,-0.1667,-0.5
propensity,6,home,200,-0.3333,-0.3333,0
propensity,6,home,201,1.1667,1.1667,0
propensity,6,home,202,1,0.3333,-0.6667000000000001
propensity,6,home,203,0.1667,0.8333,0.6666000000000001
propensity,6,home,204,0.1667,0.1667,0
propensity,6,home,205,0.3333,0.5,0.16670000000000001
propensity,6,home,206,-0.3333,1,1.3333
propensity,6,home,207,-0.3333,-0.3333,0
propensity,6,home,208,0.6667,0,-0.6667
propensity,6,home,209,-0.1667,-0.1667,0
propensity,6,home,210,0.6667,0.3333,-0.3334
propensity,6,home,211,0.8333,0,-0.8333
propensity,6,home,212,1,0.8333,-0.16669999999999996
propensity,6,home,213,0.8333,1.6667,0.8334
propensity,6,home,214,0.5,0,-0.5
propensity,6,home,215,0.3333,0,-0.3333
propensity,6,home,216,0.8333,0,-0.8333
propensity,6,home,217,0.5,0.1667,-0.33330000000000004
propensity,6,home,218,-0.1667,0.8333,1
propensity,6,home,219,1.3333,0.3333,-1
propensity,6,home,220,0.3333,-0.1667,-0.5
propensity,6,home,221,1,-0.1667,-1.1667
propensity,6,home,222,0.8333,0.8333,0
propensity,6,home,223,-0.6667,0,0.6667
propensity,6,home,224,-0.5,0.5,1
propensity,6,home,225,0.1667,0.5,0.33330000000000004
propensity,6,home,226,0.3333,0.6667,0.3334
propensity,6,home,227,0.8333,0.8333,0
propensity,6,home,228,1.5,1.5,0
propensity,6,home,229,0.5,0.3333,-0.16670000000000001
propensity,6,home,230,1.5,1.3333,-0.16670000000000007
propensity,6,home,231,1.3333,1.5,0.16670000000000007
propensity,6,home,232,0.5,0,-0.5
propensity,6,home,233,1.5,0.5,-1
propensity,6,home,234,0.5,0.8333,0.33330000000000004
propensity,6,home,235,0.8333,1.1667,0.33340000000000003
propensity,6,home,236,-0.8333,-0.3333,0.5
propensity,6,home,237,1.5,0.6667,-0.8333
propensity,6,home,238,-0.1667,-0.1667,0
propensity,6,home,239,-0.3333,-0.1667,0.1666
propensity,6,home,240,0.3333,0.5,0.16670000000000001
propensity,6,home,241,-0.8333,1,1.8333
propensity,6,home,242,0.3333,-0.6667,-1
propensity,6,home,243,-0.1667,0.1667,0.3334
propensity,6,home,244,0.5,0.1667,-0.33330000000000004
propensity,6,home,245,0.3333,-1,-1.3333
propensity,6,home,246,-0.5,-0.6667,-0.16669999999999996
propensity,6,home,247,-0.5,-0.6667,-0.16669999999999996
propensity,6,home,248,0.3333,0.3333,0
propensity,6,home,249,0.3333,0,-0.3333
propensity,6,home,250,0.8333,0.3333,-0.5
propensity,6,home,251,-0.1667,0.6667,0.8333999999999999
propensity,6,home,252,-0.3333,0.3333,0.6666
propensity,6,home,253,0.3333,-0.5,-0.8332999999999999
propensity,6,home,254,0.3333,0.6667,0.3334
propensity,6,home,255,0.6667,1.1667,0.5000000000000001
propensity,6,home,256,0.5,0.1667,-0.33330000000000004
propensity,6,home,257,0,0.8333,0.8333
propensity,6,home,258,-0.1667,1.1667,1.3334000000000001
propensity,6,home,259,-0.5,-0.5,0
propensity,6,home,260,-0.5,-0.6667,-0.16669999999999996
propensity,6,home,261,0.6667,0.1667,-0.5
propensity,6,home,262,0,0.5,0.5
propensity,6,home,263,1.1667,0.1667,-1
propensity,6,home,264,0.1667,0.5,0.33330000000000004
propensity,6,home,265,-0.1667,-0.8333,-0.6666000000000001
propensity,6,home,266,0.5,0.8333,0.33330000000000004
propensity,6,home,267,0.5,-0.6667,-1.1667
propensity,6,home,268,-1,-0.5,0.5
propensity,6,home,269,0.3333,0.5,0.16670000000000001
propensity,6,home,270,0.5,1,0.5
propensity,6,home,271,-0.5,0,0.5
propensity,6,home,272,0.3333,0.3333,0
propensity,6,home,273,0.1667,1,0.8333
propensity,6,home,274,0,0.8333,0.8333
propensity,6,home,275,0.8333,1,0.16669999999999996
propensity,6,home,276,0.3333,0.1667,-0.1666
propensity,6,home,277,0.5,-0.8333,-1.3333
propensity,6,home,278,1,0.3333,-0.6667000000000001
propensity,6,home,279,0.8333,1,0.16669999999999996
propensity,6,home,280,0.5,0.8333,0.33330000000000004
propensity,6,home,281,0,0.8333,0.8333
propensity,6,home,282,-0.1667,1,1.1667
propensity,6,home,283,1,-0.1667,-1.1667
propensity,6,home,284,0.8333,-0.1667,-1
propensity,6,home,285,0.1667,0.1667,0
propensity,6,home,286,1,0.6667,-0.33330000000000004
propensity,6,home,287,1.3333,-0.1667,-1.5
propensity,6,home,288,0.5,-0.1667,-0.6667
propensity,6,home,289,0.1667,0.5,0.33330000000000004
propensity,6,home,290,0.3333,0.6667,0.3334
propensity,6,home,291,0,0,0
propensity,6,home,292,1.6667,0.3333,-1.3334000000000001
propensity,6,home,293,1,0.5,-0.5
propensity,6,home,294,0.1667,0.1667,0
propensity,6,home,295,1,1,0
propensity,6,home,296,0,0.3333,0.3333
propensity,6,home,297,0.1667,-0.5,-0.6667
propensity,6,home,298,0.6667,0.5,-0.16669999999999996
propensity,6,home,299,0.5,0.6667,0.16669999999999996
propensity,6,home,300,0,-0.6667,-0.6667
propensity,6,home,301,-0.5,0.1667,0.6667
propensity,6,home,302,0.6667,0.6667,0
propensity,6,home,303,0.5,0.6667,0.16669999999999996
propensity,6,home,304,0.5,-0.3333,-0.8332999999999999
propensity,6,home,305,0,0,0
propensity,6,home,306,0.8333,0.1667,-0.6666000000000001
propensity,6,home,307,0.1667,-0.1667,-0.3334
propensity,6,home,308,0.6667,0.8333,0.16660000000000008
propensity,6,home,309,1.5,-0.5,-2
propensity,6,home,310,0.1667,-0.3333,-0.5
propensity,6,home,311,0.3333,0.1667,-0.1666
propensity,6,home,312,1.1667,1.6667,0.5
propensity,6,home,313,0.1667,0.1667,0
propensity,6,home,314,0.8333,0.3333,-0.5
propensity,6,home,315,0.1667,-0.1667,-0.3334
propensity,6,home,316,-0.5,0.1667,0.6667
propensity,6,home,317,0.5,0.3333,-0.16670000000000001
propensity,6,home,318,1,0.6667,-0.33330000000000004
propensity,6,home,319,0,0.1667,0.1667
propensity,6,home,320,1,0.8333,-0.16669999999999996
propensity,6,home,321,0,0.3333,0.3333
propensity,6,home,322,1,1,0
propensity,6,home,323,0.1667,1,0.8333
propensity,6,home,324,0,0.8333,0.8333
propensity,6,home,325,-0.3333,0.3333,0.6666
propensity,6,home,326,-0.1667,0,0.1667
propensity,6,home,327,0.3333,-0.6667,-1
propensity,6,home,328,0.8333,0.3333,-0.5
propensity,6,home,329,-0.6667,-1.1667,-0.5000000000000001
propensity,6,home,330,-1.3333,-0.5,0.8332999999999999
propensity,6,home,331,0,0.8333,0.8333
propensity,6,home,332,1,0.5,-0.5
propensity,6,home,333,0.8333,0.8333,0
propensity,6,home,334,0.3333,-0.5,-0.8332999999999999
propensity,6,home,335,0.1667,-0.1667,-0.3334
propensity,6,home,336,0,0.8333,0.8333
propensity,6,home,337,0.1667,-0.8333,-1
propensity,6,home,338,-0.5,-0.8333,-0.33330000000000004
propensity,6,home,339,0.5,1.3333,0.8332999999999999
propensity,6,home,340,-0.1667,-0.5,-0.33330000000000004
propensity,6,home,341,0.1667,0,-0.1667
propensity,6,home,342,0.1667,0.3333,0.1666
propensity,6,home,343,0.8333,1.5,0.6667
propensity,6,home,344,0.6667,0.5,-0.16669999999999996
propensity,6,home,345,0,0,0
propensity,6,home,346,-0.1667,-0.3333,-0.1666
propensity,6,home,347,0,0.1667,0.1667
propensity,6,home,348,1,1,0
propensity,6,home,349,-0.5,0,0.5
propensity,6,home,350,-0.3333,-0.8333,-0.5
propensity,6,home,351,0.5,-0.5,-1
propensity,6,home,352,1,0,-1
propensity,6,home,353,0.3333,-0.1667,-0.5
propensity,6,home,354,0.6667,0.8333,0.16660000000000008
propensity,6,home,355,0.6667,0.3333,-0.3334
propensity,6,home,356,0.6667,0.1667,-0.5
propensity,6,home,357,0.1667,0.3333,0.1666
propensity,6,home,358,0.3333,0.5,0.16670000000000001
propensity,6,home,359,-0.1667,1.1667,1.3334000000000001
propensity,6,home,360,-0.3333,0.5,0.8332999999999999
propensity,6,home,361,0.8333,1.1667,0.33340000000000003
propensity,6,home,362,0.6667,0.6667,0
propensity,6,home,363,-0.5,0.1667,0.6667
propensity,6,home,364,0.3333,0.6667,0.3334
propensity,6,home,365,0.5,-0.3333,-0.8332999999999999
propensity,6,home,366,0.3333,0.1667,-0.1666
propensity,6,home,367,1,-0.5,-1.5
propensity,6,home,368,0.5,-0.5,-1
propensity,6,home,369,0.1667,-0.5,-0.6667
propensity,6,home,370,-1.1667,-0.8333,0.33340000000000003
propensity,6,home,371,1,0.8333,-0.16669999999999996
propensity,6,home,372,1.3333,0.8333,-0.4999999999999999
propensity,6,home,373,0,-0.1667,-0.1667
propensity,6,home,374,0.3333,-0.3333,-0.6666
propensity,6,home,375,0.1667,-0.3333,-0.5
propensity,6,home,376,0.1667,0.3333,0.1666
propensity,6,home,377,-0.5,0,0.5
propensity,6,home,378,0.3333,1.3333,1
propensity,6,home,379,-0.6667,-0.6667,0
propensity,6,home,380,0.6667,0.5,-0.16669999999999996
propensity,6,home,381,-0.6667,-0.8333,-0.16660000000000008
propensity,6,home,382,0.6667,0.5,-0.16669999999999996
propensity,6,home,383,-0.5,0.3333,0.8332999999999999
propensity,6,home,384,1.1667,0,-1.1667
propensity,6,home,385,0.5,0.1667,-0.33330000000000004
propensity,6,home,386,0.1667,-0.3333,-0.5
propensity,6,home,387,0.5,0.3333,-0.16670000000000001
propensity,6,home,388,0.1667,1.3333,1.1665999999999999
propensity,6,home,389,-0.1667,-0.8333,-0.6666000000000001
propensity,6,home,390,0,0.8333,0.8333
propensity,6,home,391,-0.1667,0.1667,0.3334
propensity,6,home,392,-0.6667,0.1667,0.8333999999999999
propensity,6,home,393,0.5,-0.5,-1
propensity,6,home,394,0.5,0.8333,0.33330000000000004
propensity,6,home,395,0.8333,0.8333,0
propensity,6,home,396,-0.1667,0.6667,0.8333999999999999
propensity,6,home,397,0.3333,-0.5,-0.8332999999999999
propensity,6,home,398,0.6667,-0.1667,-0.8333999999999999
propensity,6,home,399,0.5,0.1667,-0.33330000000000004
propensity,6,home,400,0.8333,1,0.16669999999999996
propensity,6,home,401,0.6667,0.6667,0
propensity,6,home,402,-0.5,0.1667,0.6667
propensity,6,home,403,0.1667,-0.1667,-0.3334
propensity,6,home,404,-0.1667,0,0.1667
propensity,6,home,405,0.5,0.6667,0.16669999999999996
propensity,6,home,406,-0.3333,0.5,0.8332999999999999
propensity,6,home,407,0.5,-0.1667,-0.6667
propensity,6,home,408,-0.3333,0.3333,0.6666
propensity,6,home,409,0.1667,0,-0.1667
propensity,6,home,410,-0.1667,0.8333,1
propensity,6,home,411,0.5,0.6667,0.16669999999999996
propensity,6,home,412,0.8333,0,-0.8333
propensity,6,home,413,0.5,-0.3333,-0.8332999999999999
propensity,6,home,414,0.5,-0.5,-1
propensity,6,home,415,1,0,-1
propensity,6,home,416,0.5,0,-0.5
propensity,6,home,417,0.8333,-0.1667,-1
propensity,6,home,418,0.6667,0.6667,0
propensity,6,home,419,1,0.6667,-0.33330000000000004
propensity,6,home,420,0.8333,0.1667,-0.6666000000000001
propensity,6,home,421,0,0,0
propensity,6,home,422,0.5,-0.1667,-0.6667
propensity,6,home,423,0.3333,0.8333,0.5
propensity,6,home,424,0.3333,-0.5,-0.8332999999999999
propensity,6,home,425,-0.1667,-0.3333,-0.1666
propensity,6,home,426,-0.3333,-0.5,-0.16670000000000001
propensity,6,home,427,0.6667,0.6667,0
propensity,6,home,428,-1.1667,0.1667,1.3334000000000001
propensity,6,home,429,0.1667,-0.1667,-0.3334
propensity,6,home,430,1.6667,-0.1667,-1.8334000000000001
propensity,6,home,431,0.8333,1.1667,0.33340000000000003
propensity,6,home,432,-0.5,0.5,1
propensity,6,home,433,0,-0.5,-0.5
propensity,6,home,434,0,-1.3333,-1.3333
propensity,6,home,435,0.1667,0.3333,0.1666
propensity,6,home,436,-0.3333,-0.8333,-0.5
propensity,6,home,437,0.3333,0.5,0.16670000000000001
propensity,6,home,438,-0.6667,-1.1667,-0.5000000000000001
propensity,6,home,439,0.1667,-0.3333,-0.5
propensity,6,home,440,-0.8333,0.1667,1
propensity,6,home,441,0.5,-0.1667,-0.6667
propensity,6,home,442,0.5,0.3333,-0.16670000000000001
propensity,6,home,443,1,0.3333,-0.6667000000000001
propensity,6,home,444,-0.3333,0.1667,0.5
propensity,6,home,445,0.3333,1,0.6667000000000001
propensity,6,home,446,0.8333,-0.1667,-1
propensity,6,home,447,0.6667,-0.1667,-0.8333999999999999
propensity,6,home,448,0.6667,0.5,-0.16669999999999996
propensity,6,home,449,-0.3333,0.3333,0.6666
propensity,6,home,450,-0.1667,0.1667,0.3334
propensity,6,home,451,-0.1667,-0.3333,-0.1666
propensity,6,home,452,0.1667,1,0.8333
propensity,6,home,453,0.3333,0.1667,-0.1666
propensity,6,home,454,1.6667,0,-1.6667
propensity,6,home,455,0.1667,-1,-1.1667
propensity,6,home,456,0,0.1667,0.1667
propensity,6,home,457,0,-0.3333,-0.3333
propensity,6,home,458,0.3333,0.8333,0.5
propensity,6,home,459,-0.1667,0,0.1667
propensity,6,home,460,1.3333,1.3333,0
propensity,6,home,461,-0.3333,0.3333,0.6666
propensity,6,home,462,-0.6667,-0.6667,0
propensity,6,home,463,0.8333,1,0.16669999999999996
propensity,6,home,464,0.5,0.6667,0.16669999999999996
propensity,6,home,465,0.5,0.5,0
propensity,6,home,466,-0.6667,-0.3333,0.3334
propensity,6,home,467,0.8333,0.8333,0
propensity,6,home,468,0.8333,0.5,-0.33330000000000004
propensity,6,home,469,-1.3333,-0.8333,0.4999999999999999
propensity,6,home,470,-0.3333,-0.3333,0
propensity,6,home,471,0,0,0
propensity,6,home,472,0,1,1
propensity,6,home,473,1,0.6667,-0.33330000000000004
propensity,6,home,474,1,-0.1667,-1.1667
propensity,6,home,475,0.6667,0.5,-0.16669999999999996
propensity,6,home,476,-0.3333,1.1667,1.5
propensity,6,home,477,0.3333,0,-0.3333
propensity,6,home,478,0.8333,1.6667,0.8334
propensity,6,home,479,0,0.1667,0.1667
propensity,6,home,480,0.3333,-0.3333,-0.6666
propensity,6,home,481,0.6667,1.5,0.8333
propensity,6,home,482,0.8333,0.8333,0
propensity,6,home,483,0.1667,0.5,0.33330000000000004
propensity,6,home,484,0.5,0.8333,0.33330000000000004
propensity,6,home,485,1.1667,0.3333,-0.8334000000000001
propensity,6,home,486,-0.1667,0,0.1667
propensity,6,home,487,0.3333,-0.6667,-1
propensity,6,home,488,-0.3333,0,0.3333
propensity,6,home,489,0.1667,1.5,1.3333
propensity,6,home,490,1,0.3333,-0.6667000000000001
propensity,6,home,491,1.1667,-0.1667,-1.3334000000000001
propensity,6,home,492,-0.5,-0.6667,-0.16669999999999996
propensity,6,home,493,-0.6667,0.3333,1
propensity,6,home,494,0.3333,-0.1667,-0.5
propensity,6,home,495,0,-0.6667,-0.6667
propensity,6,home,496,0.6667,0.3333,-0.3334
propensity,6,home,497,0.5,0.5,0
propensity,6,home,498,0.3333,-0.1667,-0.5
propensity,6,home,499,1,0.3333,-0.6667000000000001
propensity,6,home,500,0.5,0.1667,-0.33330000000000004
propensity,6,home,501,0.6667,0.1667,-0.5
propensity,6,home,502,1.1667,1,-0.16670000000000007
propensity,6,home,503,0,0.3333,0.3333
propensity,6,home,504,-0.1667,0.6667,0.8333999999999999
propensity,6,home,505,1.1667,-0.3333,-1.5
propensity,6,home,506,0.1667,-0.5,-0.6667
propensity,6,home,507,0,0.5,0.5
propensity,6,home,508,0,0,0
propensity,6,home,509,-0.3333,0,0.3333
propensity,6,home,510,0.3333,1.1667,0.8334000000000001
propensity,6,home,511,-0.1667,0.6667,0.8333999999999999
propensity,6,home,512,0,0.5,0.5
propensity,6,home,513,-0.1667,0,0.1667
propensity,6,home,514,-0.1667,0.8333,1
propensity,6,home,515,1.1667,0.8333,-0.33340000000000003
propensity,6,home,516,1.1667,-0.6667,-1.8334000000000001
propensity,6,home,517,0,0.5,0.5
propensity,6,home,518,0.1667,-0.8333,-1
propensity,6,home,519,0,0.1667,0.1667
propensity,6,home,520,0.5,0.6667,0.16669999999999996
propensity,6,home,521,0.1667,-0.1667,-0.3334
propensity,6,home,522,0.1667,-1,-1.1667
propensity,6,home,523,0.6667,0.5,-0.16669999999999996
propensity,6,home,524,1,1.3333,0.33329999999999993
propensity,6,home,525,-0.3333,0.1667,0.5
propensity,6,home,526,-0.3333,-0.5,-0.16670000000000001
propensity,6,home,527,0.6667,0,-0.6667
propensity,6,home,528,1,-0.1667,-1.1667
propensity,6,home,529,0.5,-0.1667,-0.6667
propensity,6,home,530,0,0,0
propensity,6,home,531,0.6667,-0.6667,-1.3334
propensity,6,home,532,-0.1667,0,0.1667
propensity,6,home,533,0.1667,1,0.8333
propensity,6,home,534,0.6667,0,-0.6667
propensity,6,home,535,-0.1667,1,1.1667
propensity,6,home,536,1,1,0
propensity,6,home,537,0.6667,0.3333,-0.3334
propensity,6,home,538,1,-0.3333,-1.3333
propensity,6,home,539,0.3333,0.5,0.16670000000000001
propensity,6,home,540,1.1667,0.8333,-0.33340000000000003
propensity,6,home,541,-0.6667,-1.8333,-1.1665999999999999
propensity,6,home,542,1.1667,1.5,0.33329999999999993
propensity,6,home,543,0.6667,0.6667,0
propensity,6,home,544,0.6667,-0.1667,-0.8333999999999999
propensity,6,home,545,0.1667,-0.5,-0.6667
propensity,6,home,546,0.8333,-0.3333,-1.1666
propensity,6,home,547,0.8333,0.6667,-0.16660000000000008
propensity,6,home,548,-0.8333,0,0.8333
propensity,6,home,549,0.8333,0,-0.8333
propensity,6,home,550,0.8333,0.6667,-0.16660000000000008
propensity,6,home,551,-0.1667,-0.5,-0.33330000000000004
propensity,6,home,552,-0.6667,-0.1667,0.5
propensity,6,home,553,0,0,0
propensity,6,home,554,0.8333,0.6667,-0.16660000000000008
propensity,6,home,555,0.6667,1,0.33330000000000004
propensity,6,home,556,0.6667,0.6667,0
propensity,6,home,557,0.6667,-0.3333,-1
propensity,6,home,558,0.5,0.1667,-0.33330000000000004
propensity,6,home,559,1.3333,0,-1.3333
propensity,6,home,560,-0.3333,0.1667,0.5
propensity,6,home,561,0.1667,0.1667,0
propensity,6,home,562,0.3333,-0.3333,-0.6666
propensity,6,home,563,0.8333,0,-0.8333
propensity,6,home,564,0.6667,0.3333,-0.3334
propensity,6,home,565,-0.8333,-0.5,0.33330000000000004
propensity,6,home,566,0.5,0.1667,-0.33330000000000004
propensity,6,home,567,0.1667,0.3333,0.1666
propensity,6,home,568,-0.3333,-0.6667,-0.3334
propensity,6,home,569,-0.3333,-0.3333,0
propensity,6,home,570,1,1.5,0.5
propensity,6,home,571,-0.1667,0.8333,1
propensity,6,home,572,-0.1667,0.1667,0.3334
propensity,6,home,573,0.3333,1.3333,1
propensity,6,home,574,0.1667,0,-0.1667
propensity,6,home,575,-0.3333,0,0.3333
propensity,6,home,576,1.5,1,-0.5
propensity,6,home,577,1,-0.1667,-1.1667
propensity,6,home,578,0.8333,1,0.16669999999999996
propensity,6,home,579,0.8333,0.5,-0.33330000000000004
propensity,6,home,580,0.3333,-0.3333,-0.6666
propensity,6,home,581,1.6667,1.1667,-0.5
propensity,6,home,582,0.8333,0.3333,-0.5
propensity,6,home,583,0.6667,1.1667,0.5000000000000001
propensity,6,home,584,1,0,-1
propensity,6,home,585,0.3333,0.3333,0
propensity,6,home,586,1,0.5,-0.5
propensity,6,home,587,0.1667,0.1667,0
propensity,6,home,588,-0.1667,0.5,0.6667
propensity,6,home,589,0.8333,-0.3333,-1.1666
propensity,6,home,590,0,0.5,0.5
propensity,6,home,591,0.1667,0,-0.1667
propensity,6,home,592,0.3333,1,0.6667000000000001
propensity,6,home,593,-0.3333,0,0.3333
propensity,6,home,594,-0.3333,-0.6667,-0.3334
propensity,6,home,595,0.8333,-0.1667,-1
propensity,6,home,596,1,0.1667,-0.8333
propensity,6,home,597,1,0.1667,-0.8333
propensity,6,home,598,0.1667,0.6667,0.5
propensity,6,home,599,0.6667,0.8333,0.16660000000000008
propensity,6,home,600,0,0.5,0.5
propensity,6,home,601,0.3333,-0.3333,-0.6666
propensity,6,home,602,0.3333,-0.3333,-0.6666
propensity,6,home,603,1,0.5,-0.5
propensity,6,home,604,0.8333,0.3333,-0.5
propensity,6,home,605,-0.1667,-0.3333,-0.1666
propensity,6,home,606,-0.8333,-0.5,0.33330000000000004
propensity,6,home,607,0.8333,0.5,-0.33330000000000004
propensity,6,home,608,0.5,0.8333,0.33330000000000004
propensity,6,home,609,-0.3333,0,0.3333
propensity,6,home,610,-0.1667,-0.1667,0
propensity,6,home,611,1.1667,-0.5,-1.6667
propensity,6,home,612,1.1667,0.8333,-0.33340000000000003
propensity,6,home,613,0.3333,0.3333,0
propensity,6,home,614,1,0.1667,-0.8333
propensity,6,home,615,0.8333,1.1667,0.33340000000000003
propensity,6,home,616,0.1667,1,0.8333
propensity,6,home,617,1,1.1667,0.16670000000000007
propensity,6,home,618,-0.6667,0.5,1.1667
propensity,6,home,619,0,-0.1667,-0.1667
propensity,6,home,620,0.5,0.6667,0.16669999999999996
propensity,6,home,621,1,0.5,-0.5
propensity,6,home,622,1.6667,0.8333,-0.8334
propensity,6,home,623,0.6667,0.5,-0.16669999999999996
propensity,6,home,624,-0.8333,-0.5,0.33330000000000004
propensity,6,home,625,0.8333,-0.1667,-1
propensity,6,home,626,-0.1667,-0.3333,-0.1666
propensity,6,home,627,0.1667,0,-0.1667
propensity,6,home,628,-0.5,0,0.5
propensity,6,home,629,0.3333,-0.1667,-0.5
propensity,6,home,630,1.1667,-0.1667,-1.3334000000000001
propensity,6,home,631,0.3333,0.5,0.16670000000000001
propensity,6,home,632,0,0.6667,0.6667
propensity,6,home,633,1,0.5,-0.5
propensity,6,home,634,0,-0.3333,-0.3333
propensity,6,home,635,0.5,1.8333,1.3333
propensity,6,home,636,0.1667,1.1667,1
propensity,6,home,637,-0.5,0.8333,1.3333
propensity,6,home,638,0.5,1.1667,0.6667000000000001
propensity,6,home,639,0.6667,1.3333,0.6666
propensity,6,home,640,0.1667,0.1667,0
propensity,6,home,641,0.1667,0.1667,0
propensity,6,home,642,0.5,0,-0.5
propensity,6,home,643,0.3333,0,-0.3333
propensity,6,home,644,0,0.3333,0.3333
propensity,6,home,645,-0.6667,-0.1667,0.5
propensity,6,home,646,0.5,1,0.5
propensity,6,home,647,0,0,0
propensity,6,home,648,0.8333,0.3333,-0.5
propensity,6,home,649,-0.1667,-0.6667,-0.5
propensity,6,home,650,0.3333,-0.1667,-0.5
propensity,6,home,651,0.5,-0.1667,-0.6667
propensity,6,home,652,0.3333,-0.6667,-1
propensity,6,home,653,-1.1667,-0.8333,0.33340000000000003
propensity,6,home,654,0.1667,-0.1667,-0.3334
propensity,6,home,655,-0.1667,-0.8333,-0.6666000000000001
propensity,6,home,656,0.5,0.3333,-0.16670000000000001
propensity,6,home,657,0.5,0,-0.5
propensity,6,home,658,1.3333,0.1667,-1.1665999999999999
propensity,6,home,659,0.3333,0.1667,-0.1666
propensity,6,home,660,0,0.3333,0.3333
propensity,6,home,661,-0.1667,0.6667,0.8333999999999999
propensity,6,home,662,0.5,-0.1667,-0.6667
propensity,6,home,663,0.6667,0.6667,0
propensity,6,home,664,0.5,0.3333,-0.16670000000000001
propensity,6,home,665,1,1.5,0.5
propensity,6,home,666,1.5,1,-0.5
propensity,6,home,667,-0.1667,0.5,0.6667
propensity,6,home,668,-0.3333,0.1667,0.5
propensity,6,home,669,1.1667,0.3333,-0.8334000000000001
propensity,6,home,670,0.1667,1,0.8333
propensity,6,home,671,-0.1667,-0.5,-0.33330000000000004
propensity,6,home,672,0.3333,-0.3333,-0.6666
propensity,6,home,673,0.3333,0.1667,-0.1666
propensity,6,home,674,-1,-0.1667,0.8333
propensity,6,home,675,0.5,-0.5,-1
propensity,6,home,676,-0.6667,-1.1667,-0.5000000000000001
propensity,6,home,677,0.3333,0.8333,0.5
propensity,6,home,678,-0.1667,0,0.1667
propensity,6,home,679,0,0.6667,0.6667
propensity,6,home,680,0,-0.1667,-0.1667
propensity,6,home,681,-0.1667,-0.1667,0
propensity,6,home,682,0.6667,1.5,0.8333
propensity,6,home,683,0.5,1,0.5
propensity,6,home,684,0.5,0.1667,-0.33330000000000004
propensity,6,home,685,-0.3333,0.3333,0.6666
propensity,6,home,686,0,0,0
propensity,6,home,687,0,0,0
propensity,6,home,688,-0.3333,0.6667,1
propensity,6,home,689,0,0.1667,0.1667
propensity,6,home,690,0,0.8333,0.8333
propensity,6,home,691,0.5,0.8333,0.33330000000000004
propensity,6,home,692,-0.3333,-0.3333,0
propensity,6,home,693,0.1667,0.1667,0
propensity,6,home,694,0.3333,0,-0.3333
propensity,6,home,695,0.8333,-0.6667,-1.5
propensity,6,home,696,0.6667,0.3333,-0.3334
propensity,6,home,697,-0.3333,0.6667,1
propensity,6,home,698,0,-0.6667,-0.6667
propensity,6,home,699,0.1667,-0.5,-0.6667
propensity,6,home,700,0.1667,0.3333,0.1666
propensity,6,home,701,0.5,-0.8333,-1.3333
propensity,6,home,702,-0.1667,-0.3333,-0.1666
propensity,6,home,703,0.6667,0.3333,-0.3334
propensity,6,home,704,0,-0.6667,-0.6667
propensity,6,home,705,0.1667,0,-0.1667
propensity,6,home,706,0.8333,0.8333,0
propensity,6,home,707,0.3333,0.1667,-0.1666
propensity,6,home,708,0.5,0.3333,-0.16670000000000001
propensity,6,home,709,0.3333,-0.3333,-0.6666
propensity,6,home,710,0.5,0.1667,-0.33330000000000004
propensity,6,home,711,0.8333,-0.1667,-1
propensity,6,home,712,-1,-0.8333,0.16669999999999996
propensity,6,home,713,0.1667,0.6667,0.5
propensity,6,home,714,0,-0.3333,-0.3333
propensity,6,home,715,0,0,0
propensity,6,home,716,0.3333,0.8333,0.5
propensity,6,home,717,-0.3333,-0.6667,-0.3334
propensity,6,home,718,0,0.3333,0.3333
propensity,6,home,719,-0.1667,0.5,0.6667
propensity,6,home,720,0.1667,0.8333,0.6666000000000001
propensity,6,home,721,0,-1,-1
propensity,6,home,722,0.3333,-0.1667,-0.5
propensity,6,home,723,0,0.1667,0.1667
propensity,6,home,724,0,-0.5,-0.5
propensity,6,home,725,0,-0.1667,-0.1667
propensity,6,home,726,0.5,0.5,0
propensity,6,home,727,0,-0.8333,-0.8333
propensity,6,home,728,1.1667,1.1667,0
propensity,6,home,729,-0.8333,-0.5,0.33330000000000004
propensity,6,home,730,1.1667,0.6667,-0.5000000000000001
propensity,6,home,731,0,0.1667,0.1667
propensity,6,home,732,-0.6667,-0.1667,0.5
propensity,6,home,733,0.8333,1.1667,0.33340000000000003
propensity,6,home,734,0.6667,-0.8333,-1.5
propensity,6,home,735,-0.1667,-0.1667,0
propensity,6,home,736,0.6667,0.8333,0.16660000000000008
propensity,6,home,737,0.6667,1.1667,0.5000000000000001
propensity,6,home,738,0,-0.6667,-0.6667
propensity,6,home,739,-0.3333,-0.3333,0
propensity,6,home,740,0,0.1667,0.1667
propensity,6,home,741,-0.1667,-0.3333,-0.1666
propensity,6,home,742,-0.1667,0.1667,0.3334
propensity,6,home,743,-0.1667,1,1.1667
propensity,6,home,744,0.6667,0,-0.6667
propensity,6,home,745,-0.3333,-0.6667,-0.3334
propensity,6,home,746,0.8333,0.8333,0
propensity,6,home,747,0.6667,0.3333,-0.3334
propensity,6,home,748,0.5,0.1667,-0.33330000000000004
propensity,6,home,749,1,-0.1667,-1.1667
propensity,6,home,750,-0.3333,0.1667,0.5
propensity,6,home,751,-0.1667,0,0.1667
propensity,6,home,752,-0.5,0.5,1
propensity,6,home,753,0,-0.3333,-0.3333
propensity,6,home,754,0,1.1667,1.1667
propensity,6,home,755,0,0.1667,0.1667
propensity,6,home,756,1.8333,1.5,-0.33329999999999993
propensity,6,home,757,0.5,0,-0.5
propensity,6,home,758,0.5,-0.5,-1
propensity,6,home,759,0.3333,0.5,0.16670000000000001
propensity,6,home,760,0.6667,0.1667,-0.5
propensity,6,home,761,-0.3333,0,0.3333
propensity,6,home,762,0.8333,0.1667,-0.6666000000000001
propensity,6,home,763,0,-0.5,-0.5
propensity,6,home,764,0.5,0.6667,0.16669999999999996
propensity,6,home,765,1,-0.5,-1.5
propensity,6,home,766,0,-0.1667,-0.1667
propensity,6,home,767,0.5,-0.3333,-0.8332999999999999
propensity,6,home,768,-0.6667,-0.8333,-0.16660000000000008
propensity,6,home,769,-0.3333,0.5,0.8332999999999999
propensity,6,home,770,0.3333,0.3333,0
propensity,6,home,771,0.8333,0.8333,0
propensity,6,home,772,0.1667,0.6667,0.5
propensity,6,home,773,0.5,0.3333,-0.16670000000000001
propensity,6,home,774,0.1667,0.1667,0
propensity,6,home,775,-0.3333,0.1667,0.5
propensity,6,home,776,-0.3333,-0.3333,0
propensity,6,home,777,0.6667,0.5,-0.16669999999999996
propensity,6,home,778,-0.8333,-0.5,0.33330000000000004
propensity,6,home,779,-0.5,0.3333,0.8332999999999999
propensity,6,home,780,0.3333,0.1667,-0.1666
propensity,6,home,781,0.3333,-0.1667,-0.5
propensity,6,home,782,0.8333,0.1667,-0.6666000000000001
propensity,6,home,783,0.5,0.1667,-0.33330000000000004
propensity,6,home,784,0.3333,-0.5,-0.8332999999999999
propensity,6,home,785,-0.1667,-0.3333,-0.1666
propensity,6,home,786,0.6667,0,-0.6667
propensity,6,home,787,0.6667,0.6667,0
propensity,6,home,788,-0.5,1.1667,1.6667
propensity,6,home,789,0,-1.8333,-1.8333
propensity,6,home,790,-0.8333,-0.5,0.33330000000000004
propensity,6,home,791,0,0.3333,0.3333
propensity,6,home,792,0.5,-0.6667,-1.1667
propensity,6,home,793,0.1667,1,0.8333
propensity,6,home,794,0.3333,0.6667,0.3334
propensity,6,home,795,0.3333,-0.1667,-0.5
propensity,6,home,796,-0.1667,-0.3333,-0.1666
propensity,6,home,797,0.5,0.1667,-0.33330000000000004
propensity,6,home,798,0.1667,0.1667,0
propensity,6,home,799,0.5,0.5,0
propensity,6,home,800,1,0.5,-0.5
propensity,6,home,801,0,-0.5,-0.5
propensity,6,home,802,0.8333,0.5,-0.33330000000000004
propensity,6,home,803,-0.1667,-0.1667,0
propensity,6,home,804,0,-0.6667,-0.6667
propensity,6,home,805,0.6667,-0.6667,-1.3334
propensity,6,home,806,-0.6667,-0.5,0.16669999999999996
propensity,6,home,807,-0.5,-0.8333,-0.33330000000000004
propensity,6,home,808,0.3333,0.5,0.16670000000000001
propensity,6,home,809,0.8333,-0.1667,-1
propensity,6,home,810,0.6667,0.3333,-0.3334
propensity,6,home,811,-0.3333,0.3333,0.6666
propensity,6,home,812,0.1667,-0.5,-0.6667
propensity,6,home,813,0.1667,1.5,1.3333
propensity,6,home,814,-0.1667,-0.1667,0
propensity,6,home,815,1.3333,0.6667,-0.6666
propensity,6,home,816,-0.5,0.1667,0.6667
propensity,6,home,817,0,0,0
propensity,6,home,818,0,0.3333,0.3333
propensity,6,home,819,0.3333,-0.6667,-1
propensity,6,home,820,0.1667,1.1667,1
propensity,6,home,821,-0.3333,-0.1667,0.1666
propensity,6,home,822,0.6667,-0.1667,-0.8333999999999999
propensity,6,home,823,1.1667,0.3333,-0.8334000000000001
propensity,6,home,824,0,-0.6667,-0.6667
propensity,6,home,825,1.1667,0.1667,-1
propensity,6,home,826,1.5,0.8333,-0.6667
propensity,6,home,827,0.5,0.1667,-0.33330000000000004
propensity,6,home,828,0.5,0.6667,0.16669999999999996
propensity,6,home,829,0.6667,1.3333,0.6666
propensity,6,home,830,0,-0.8333,-0.8333
propensity,6,home,831,0,-0.5,-0.5
propensity,6,home,832,-0.5,0.3333,0.8332999999999999
propensity,6,home,833,0.3333,0,-0.3333
propensity,6,home,834,-0.5,-0.5,0
propensity,6,home,835,-0.1667,-0.8333,-0.6666000000000001
propensity,6,home,836,0.6667,-0.1667,-0.8333999999999999
propensity,6,home,837,-0.1667,-0.3333,-0.1666
propensity,6,home,838,-0.1667,-0.1667,0
propensity,6,home,839,-0.8333,-0.5,0.33330000000000004
propensity,6,home,840,0.8333,0.6667,-0.16660000000000008
propensity,6,home,841,1.5,0.5,-1
propensity,6,home,842,0.5,0.3333,-0.16670000000000001
propensity,6,home,843,-0.6667,0.5,1.1667
propensity,6,home,844,0.6667,0.6667,0
propensity,6,home,845,-0.3333,-0.5,-0.16670000000000001
propensity,6,home,846,-1,-0.5,0.5
propensity,6,home,847,1,0.6667,-0.33330000000000004
propensity,6,home,848,0,-1.1667,-1.1667
propensity,6,home,849,1.3333,0.6667,-0.6666
propensity,6,home,850,0.3333,0.8333,0.5
propensity,6,home,851,0.3333,0.6667,0.3334
propensity,6,home,852,-0.6667,-0.5,0.16669999999999996
propensity,6,home,853,0.6667,0.6667,0
propensity,6,home,854,1.1667,0.6667,-0.5000000000000001
propensity,6,home,855,0,0,0
propensity,6,home,856,0.6667,-0.1667,-0.8333999999999999
propensity,6,home,857,0.1667,-0.5,-0.6667
propensity,6,home,858,0.6667,-0.6667,-1.3334
propensity,6,home,859,-0.6667,-0.6667,0
propensity,6,home,860,-0.5,-0.5,0
propensity,6,home,861,0.3333,-1,-1.3333
propensity,6,home,862,-0.6667,0.1667,0.8333999999999999
propensity,6,home,863,-0.3333,0.6667,1
propensity,6,home,864,0.5,0.8333,0.33330000000000004
propensity,6,home,865,0,-0.8333,-0.8333
propensity,6,home,866,0.3333,-0.5,-0.8332999999999999
propensity,6,home,867,0,0.8333,0.8333
propensity,6,home,868,0.8333,1,0.16669999999999996
propensity,6,home,869,-0.1667,0,0.1667
propensity,6,home,870,0,-0.5,-0.5
propensity,6,home,871,-0.3333,0.1667,0.5
propensity,6,home,872,-0.3333,-0.8333,-0.5
propensity,6,home,873,1.5,0.6667,-0.8333
propensity,6,home,874,0,-1.1667,-1.1667
propensity,6,home,875,0.8333,0.5,-0.33330000000000004
propensity,6,home,876,-0.8333,0.6667,1.5
propensity,6,home,877,-0.1667,0.3333,0.5
propensity,6,home,878,0.5,0.5,0
propensity,6,home,879,0.6667,1,0.33330000000000004
propensity,6,home,880,-0.6667,0.1667,0.8333999999999999
propensity,6,home,881,-0.1667,0,0.1667
propensity,6,home,882,0.5,0.6667,0.16669999999999996
